number,Temp,Humd,Press,Temp,
1,5.21,62.92,1012.11,17.21,5.21
2,5.21,63.05,1012.35,17.21,5.21
3,5.21,63.11,1012.53,17.21,5.21
4,5.21,63.46,1012.63,17.21,5.21
5,5.21,63.53,1012.61,17.21,5.21
6,5.2,63.45,1012.7,17.2,5.2
7,5.2,63.74,1012.4,17.2,5.2
8,5.2,63.73,1012.68,17.2,5.2
9,5.2,64.09,1012.67,17.2,5.2
10,5.2,64.04,1012.65,17.2,5.2
11,5.2,63.97,1012.61,17.2,5.2
12,5.2,64.2,1012.59,17.2,5.2
13,5.19,64.57,1012.56,17.19,5.19
14,5.2,64.8,1012.61,17.2,5.2
15,5.19,64.9,1012.52,17.19,5.19
16,5.2,64.81,1012.43,17.2,5.2
17,5.19,65.05,1012.53,17.19,5.19
18,5.2,65.26,1012.58,17.2,5.2
19,5.18,65.33,1012.6,17.18,5.18
20,5.19,65.36,1012.6,17.19,5.19
21,5.18,65.35,1012.6,17.18,5.18
22,5.18,65.37,1012.54,17.18,5.18
23,5.18,65.43,1012.56,17.18,5.18
24,5.18,65.71,1012.6,17.18,5.18
25,5.18,65.98,1012.22,17.18,5.18
26,5.18,66.04,1012.57,17.18,5.18
27,5.17,66.27,1012.56,17.17,5.17
28,5.17,66.34,1012.55,17.17,5.17
29,5.17,66.46,1012.55,17.17,5.17
30,5.16,66.58,1012.63,17.16,5.16
31,5.16,66.72,1012.59,17.16,5.16
32,5.17,66.86,1012.64,17.17,5.17
33,5.16,67,1012.62,17.16,5.16
34,5.16,67.12,1012.6,17.16,5.16
35,5.16,67.24,1012.61,17.16,5.16
36,5.16,67.37,1012.59,17.16,5.16
37,5.16,67.49,1012.6,17.16,5.16
38,5.16,67.63,1012.61,17.16,5.16
39,5.16,67.74,1012.62,17.16,5.16
40,5.15,67.87,1012.64,17.15,5.15
41,5.15,67.99,1012.63,17.15,5.15
42,5.15,68.1,1012.64,17.15,5.15
43,5.15,68.22,1012.59,17.15,5.15
44,5.15,68.36,1012.62,17.15,5.15
45,5.15,68.47,1012.61,17.15,5.15
46,5.15,68.59,1012.58,17.15,5.15
47,5.15,68.72,1012.63,17.15,5.15
48,5.14,68.84,1012.62,17.14,5.14
49,5.14,68.98,1012.65,17.14,5.14
50,5.13,69.08,1012.6,17.13,5.13
51,5.13,69.2,1012.6,17.13,5.13
52,5.13,69.33,1012.62,17.13,5.13
53,5.13,69.44,1012.61,17.13,5.13
54,5.13,69.56,1012.61,17.13,5.13
55,5.13,69.67,1012.62,17.13,5.13
56,5.13,69.79,1012.6,17.13,5.13
57,5.13,69.88,1012.6,17.13,5.13
58,5.14,69.99,1012.61,17.14,5.14
59,5.13,70.1,1012.6,17.13,5.13
60,5.13,70.2,1012.59,17.13,5.13
61,5.13,70.3,1012.59,17.13,5.13
62,5.13,70.38,1012.62,17.13,5.13
63,5.12,70.48,1012.61,17.12,5.12
64,5.12,70.57,1012.62,17.12,5.12
65,5.13,70.67,1012.66,17.13,5.13
66,5.12,70.76,1012.66,17.12,5.12
67,5.11,70.84,1012.67,17.11,5.11
68,5.12,70.93,1012.63,17.12,5.12
69,5.12,71.02,1012.69,17.12,5.12
70,5.11,71.09,1012.7,17.11,5.11
71,5.11,71.18,1012.71,17.11,5.11
72,5.11,71.27,1012.67,17.11,5.11
73,5.1,71.35,1012.65,17.1,5.1
74,5.11,71.42,1012.65,17.11,5.11
75,5.11,71.51,1012.67,17.11,5.11
76,5.11,71.58,1012.71,17.11,5.11
77,5.1,71.66,1012.72,17.1,5.1
78,5.1,71.73,1012.7,17.1,5.1
79,5.1,71.8,1012.7,17.1,5.1
80,5.1,71.88,1012.68,17.1,5.1
81,5.1,71.95,1012.68,17.1,5.1
82,5.09,72.02,1012.66,17.09,5.09
83,5.1,72.08,1012.68,17.1,5.1
84,5.1,72.15,1012.7,17.1,5.1
85,5.09,72.22,1012.71,17.09,5.09
86,5.09,72.29,1012.69,17.09,5.09
87,5.1,72.35,1012.69,17.1,5.1
88,5.09,72.42,1012.69,17.09,5.09
89,5.09,72.47,1012.69,17.09,5.09
90,5.09,72.54,1012.73,17.09,5.09
91,5.09,72.6,1012.68,17.09,5.09
92,5.09,72.66,1012.73,17.09,5.09
93,5.09,72.72,1012.74,17.09,5.09
94,5.08,72.78,1012.77,17.08,5.08
95,5.09,72.85,1012.73,17.09,5.09
96,5.09,72.91,1012.78,17.09,5.09
97,5.09,72.95,1012.75,17.09,5.09
98,5.08,73.01,1012.75,17.08,5.08
99,5.08,73.06,1012.73,17.08,5.08
100,5.08,73.12,1012.74,17.08,5.08
101,5.08,73.18,1012.67,17.08,5.08
102,5.08,73.23,1012.72,17.08,5.08
103,5.08,73.29,1012.73,17.08,5.08
104,5.08,73.32,1012.74,17.08,5.08
105,5.08,73.38,1012.78,17.08,5.08
106,5.08,73.44,1012.73,17.08,5.08
107,5.07,73.49,1012.73,17.07,5.07
108,5.07,73.54,1012.75,17.07,5.07
109,5.07,73.59,1012.76,17.07,5.07
110,5.07,73.64,1012.78,17.07,5.07
111,5.08,73.68,1012.79,17.08,5.08
112,5.06,73.73,1012.75,17.06,5.06
113,5.07,73.78,1012.73,17.07,5.07
114,5.07,73.82,1012.76,17.07,5.07
115,5.06,73.86,1012.78,17.06,5.06
116,5.06,73.91,1012.78,17.06,5.06
117,5.06,73.96,1012.71,17.06,5.06
118,5.07,74,1012.75,17.07,5.07
119,5.07,74.05,1012.76,17.07,5.07
120,5.06,74.11,1012.76,17.06,5.06
121,5.06,74.15,1012.77,17.06,5.06
122,5.06,74.19,1012.74,17.06,5.06
123,5.07,74.21,1012.75,17.07,5.07
124,5.07,74.27,1012.79,17.07,5.07
125,5.06,74.3,1012.82,17.06,5.06
126,5.06,74.32,1012.81,17.06,5.06
127,5.05,74.38,1012.78,17.05,5.05
128,5.05,74.41,1012.77,17.05,5.05
129,5.05,74.46,1012.78,17.05,5.05
130,5.06,74.5,1012.83,17.06,5.06
131,5.05,74.54,1012.82,17.05,5.05
132,5.05,74.58,1012.8,17.05,5.05
133,5.05,74.61,1012.83,17.05,5.05
134,5.05,74.65,1012.77,17.05,5.05
135,5.04,74.67,1012.8,17.04,5.04
136,5.05,74.71,1012.76,17.05,5.05
137,5.05,74.75,1012.74,17.05,5.05
138,5.05,74.78,1012.76,17.05,5.05
139,5.05,74.81,1012.76,17.05,5.05
140,5.05,74.85,1012.71,17.05,5.05
141,5.05,74.88,1012.74,17.05,5.05
142,5.05,74.92,1012.74,17.05,5.05
143,5.05,74.95,1012.75,17.05,5.05
144,5.04,74.98,1012.73,17.04,5.04
145,5.05,75.02,1012.7,17.05,5.05
146,5.05,75.05,1012.7,17.05,5.05
147,5.05,75.08,1012.68,17.05,5.05
148,5.05,75.12,1012.72,17.05,5.05
149,5.04,75.14,1012.67,17.04,5.04
150,5.04,75.18,1012.68,17.04,5.04
151,5.04,75.21,1012.69,17.04,5.04
152,5.04,75.23,1012.68,17.04,5.04
153,5.04,75.27,1012.65,17.04,5.04
154,5.04,75.3,1012.64,17.04,5.04
155,5.04,75.33,1012.63,17.04,5.04
156,5.03,75.41,1012.64,17.03,5.03
157,5.04,75.45,1012.62,17.04,5.04
158,5.03,75.49,1012.58,17.03,5.03
159,5.03,75.54,1012.61,17.03,5.03
160,5.04,75.56,1012.61,17.04,5.04
161,5.04,75.59,1012.59,17.04,5.04
162,5.03,75.62,1012.6,17.03,5.03
163,5.03,75.65,1012.58,17.03,5.03
164,5.04,75.67,1012.59,17.04,5.04
165,5.03,75.7,1012.62,17.03,5.03
166,5.02,75.73,1012.6,17.02,5.02
167,5.04,75.76,1012.59,17.04,5.04
168,5.03,75.79,1012.56,17.03,5.03
169,5.02,75.81,1012.57,17.02,5.02
170,5.02,75.84,1012.54,17.02,5.02
171,5.03,75.87,1012.57,17.03,5.03
172,5.02,75.89,1012.56,17.02,5.02
173,5.02,75.92,1012.54,17.02,5.02
174,5.03,75.95,1012.54,17.03,5.03
175,5.03,75.97,1012.53,17.03,5.03
176,5.02,76,1012.55,17.02,5.02
177,5.03,76.03,1012.56,17.03,5.03
178,5.02,76.05,1012.54,17.02,5.02
179,5.03,76.08,1012.55,17.03,5.03
180,5.02,76.1,1012.53,17.02,5.02
181,5.02,76.14,1012.55,17.02,5.02
182,5.01,76.15,1012.56,17.01,5.01
183,5.02,76.17,1012.56,17.02,5.02
184,5.01,76.19,1012.58,17.01,5.01
185,5.01,76.22,1012.6,17.01,5.01
186,5.01,76.25,1012.6,17.01,5.01
187,5.01,76.27,1012.58,17.01,5.01
188,5.01,76.3,1012.57,17.01,5.01
189,5.02,76.32,1012.61,17.02,5.02
190,5.02,76.34,1012.59,17.02,5.02
191,5.02,76.36,1012.59,17.02,5.02
192,5.01,76.39,1012.62,17.01,5.01
193,5.01,76.41,1012.66,17.01,5.01
194,5.01,76.44,1012.65,17.01,5.01
195,5.01,76.46,1012.63,17.01,5.01
196,5.01,76.48,1012.64,17.01,5.01
197,5.01,76.5,1012.67,17.01,5.01
198,5.01,76.53,1012.69,17.01,5.01
199,5.01,76.55,1012.7,17.01,5.01
200,5.01,76.57,1012.69,17.01,5.01
201,5,76.59,1012.7,17,5
202,5.01,76.61,1012.67,17.01,5.01
203,5.01,76.64,1012.69,17.01,5.01
204,5.01,76.66,1012.69,17.01,5.01
205,5.01,76.68,1012.69,17.01,5.01
206,5.01,76.7,1012.66,17.01,5.01
207,5,76.73,1012.7,17,5
208,5.01,76.75,1012.66,17.01,5.01
209,5.01,76.77,1012.67,17.01,5.01
210,5.01,76.79,1012.68,17.01,5.01
211,5,76.8,1012.67,17,5
212,5,76.82,1012.64,17,5
213,5.01,76.84,1012.66,17.01,5.01
214,5,76.86,1012.63,17,5
215,5,76.88,1012.59,17,5
216,5,76.9,1012.6,17,5
217,5,76.91,1012.57,17,5
218,5,76.93,1012.53,17,5
219,5,76.95,1012.56,17,5
220,5,76.97,1012.53,17,5
221,5,76.99,1012.55,17,5
222,4.99,77.01,1012.56,16.99,4.99
223,4.99,77.03,1012.56,16.99,4.99
224,5,77.05,1012.55,17,5
225,4.99,77.08,1012.56,16.99,4.99
226,4.99,77.09,1012.56,16.99,4.99
227,4.99,77.11,1012.55,16.99,4.99
228,4.99,77.12,1012.56,16.99,4.99
229,5,77.14,1012.57,17,5
230,4.99,77.16,1012.55,16.99,4.99
231,4.99,77.17,1012.59,16.99,4.99
232,4.99,77.19,1012.56,16.99,4.99
233,4.99,77.21,1012.55,16.99,4.99
234,4.99,77.22,1012.56,16.99,4.99
235,4.99,77.24,1012.57,16.99,4.99
236,4.98,77.25,1012.56,16.98,4.98
237,4.99,77.28,1012.56,16.99,4.99
238,4.99,77.3,1012.53,16.99,4.99
239,4.98,77.3,1012.53,16.98,4.98
240,4.98,77.33,1012.51,16.98,4.98
241,4.98,77.35,1012.53,16.98,4.98
242,4.99,77.37,1012.53,16.99,4.99
243,4.98,77.37,1012.51,16.98,4.98
244,4.98,77.39,1012.53,16.98,4.98
245,4.99,77.41,1012.5,16.99,4.99
246,4.98,77.42,1012.51,16.98,4.98
247,4.99,77.44,1012.51,16.99,4.99
248,4.98,77.45,1012.53,16.98,4.98
249,4.98,77.47,1012.49,16.98,4.98
250,4.98,77.49,1012.51,16.98,4.98
251,4.98,77.5,1012.51,16.98,4.98
252,4.98,77.51,1012.51,16.98,4.98
253,4.98,77.53,1012.48,16.98,4.98
254,4.98,77.54,1012.51,16.98,4.98
255,4.98,77.56,1012.53,16.98,4.98
256,4.98,77.58,1012.53,16.98,4.98
257,4.98,77.59,1012.51,16.98,4.98
258,4.98,77.6,1012.52,16.98,4.98
259,4.97,77.62,1012.52,16.97,4.97
260,4.98,77.63,1012.52,16.98,4.98
261,4.97,77.64,1012.52,16.97,4.97
262,4.98,77.66,1012.54,16.98,4.98
263,4.97,77.67,1012.54,16.97,4.97
264,4.97,77.7,1012.54,16.97,4.97
265,4.97,77.72,1012.56,16.97,4.97
266,4.98,77.73,1012.55,16.98,4.98
267,4.97,77.75,1012.58,16.97,4.97
268,4.98,77.78,1012.6,16.98,4.98
269,4.98,77.81,1012.55,16.98,4.98
270,4.97,77.83,1012.6,16.97,4.97
271,4.97,77.85,1012.6,16.97,4.97
272,4.97,77.87,1012.64,16.97,4.97
273,4.97,77.9,1012.61,16.97,4.97
274,4.97,77.92,1012.64,16.97,4.97
275,4.96,77.96,1012.64,16.96,4.96
276,4.97,77.99,1012.63,16.97,4.97
277,4.97,78,1012.66,16.97,4.97
278,4.97,78.02,1012.67,16.97,4.97
279,4.97,78.04,1012.63,16.97,4.97
280,4.97,78.05,1012.65,16.97,4.97
281,4.97,78.08,1012.62,16.97,4.97
282,4.97,78.09,1012.66,16.97,4.97
283,4.96,78.12,1012.64,16.96,4.96
284,4.96,78.13,1012.64,16.96,4.96
285,4.97,78.15,1012.64,16.97,4.97
286,4.97,78.17,1012.63,16.97,4.97
287,4.96,78.19,1012.59,16.96,4.96
288,4.96,78.2,1012.59,16.96,4.96
289,4.96,78.21,1012.59,16.96,4.96
290,4.96,78.23,1012.62,16.96,4.96
291,4.96,78.24,1012.59,16.96,4.96
292,4.96,78.24,1012.58,16.96,4.96
293,4.97,78.26,1012.61,16.97,4.97
294,4.95,78.28,1012.6,16.95,4.95
295,4.97,78.29,1012.58,16.97,4.97
296,4.96,78.3,1012.58,16.96,4.96
297,4.95,78.32,1012.59,16.95,4.95
298,4.95,78.33,1012.56,16.95,4.95
299,4.96,78.34,1012.59,16.96,4.96
300,4.95,78.36,1012.6,16.95,4.95
301,4.96,78.37,1012.62,16.96,4.96
302,4.95,78.38,1012.66,16.95,4.95
303,4.95,78.39,1012.63,16.95,4.95
304,4.95,78.41,1012.62,16.95,4.95
305,4.96,78.42,1012.61,16.96,4.96
306,4.95,78.44,1012.64,16.95,4.95
307,4.95,78.45,1012.63,16.95,4.95
308,4.95,78.46,1012.65,16.95,4.95
309,4.95,78.48,1012.65,16.95,4.95
310,4.95,78.48,1012.65,16.95,4.95
311,4.96,78.49,1012.65,16.96,4.96
312,4.95,78.5,1012.68,16.95,4.95
313,4.96,78.51,1012.62,16.96,4.96
314,4.95,78.53,1012.63,16.95,4.95
315,4.95,78.54,1012.65,16.95,4.95
316,4.96,78.55,1012.65,16.96,4.96
317,4.95,78.56,1012.65,16.95,4.95
318,4.95,78.57,1012.63,16.95,4.95
319,4.95,78.57,1012.65,16.95,4.95
320,4.95,78.59,1012.68,16.95,4.95
321,4.94,78.6,1012.65,16.94,4.94
322,4.94,78.62,1012.68,16.94,4.94
323,4.95,78.63,1012.65,16.95,4.95
324,4.94,78.64,1012.66,16.94,4.94
325,5.21,78.66,1012.69,17.21,5.21
326,5.21,78.67,1012.7,17.21,5.21
327,5.21,78.68,1012.66,17.21,5.21
328,5.2,78.69,1012.64,17.2,5.2
329,5.2,78.71,1012.67,17.2,5.2
330,5.2,78.72,1012.67,17.2,5.2
331,5.2,78.73,1012.69,17.2,5.2
332,5.2,78.73,1012.68,17.2,5.2
333,5.2,78.74,1012.7,17.2,5.2
334,5.2,78.76,1012.72,17.2,5.2
335,5.19,78.76,1012.68,17.19,5.19
336,5.2,78.78,1012.73,17.2,5.2
337,5.19,78.78,1012.73,17.19,5.19
338,5.2,78.79,1012.75,17.2,5.2
339,5.19,78.8,1012.74,17.19,5.19
340,5.2,78.81,1012.74,17.2,5.2
341,5.18,78.82,1012.73,17.18,5.18
342,5.19,78.83,1012.74,17.19,5.19
343,5.18,78.84,1012.76,17.18,5.18
344,5.18,78.85,1012.7,17.18,5.18
345,5.18,78.86,1012.75,17.18,5.18
346,5.18,78.86,1012.72,17.18,5.18
347,5.18,78.87,1012.69,17.18,5.18
348,5.18,78.88,1012.68,17.18,5.18
349,5.17,78.9,1012.69,17.17,5.17
350,5.17,78.9,1012.67,17.17,5.17
351,5.17,78.91,1012.67,17.17,5.17
352,5.16,78.92,1012.63,17.16,5.16
353,5.16,78.93,1012.67,17.16,5.16
354,5.17,78.94,1012.68,17.17,5.17
355,5.16,78.95,1012.68,17.16,5.16
356,5.16,78.96,1012.69,17.16,5.16
357,5.16,78.97,1012.66,17.16,5.16
358,5.16,78.98,1012.68,17.16,5.16
359,5.16,78.99,1012.69,17.16,5.16
360,5.16,79.01,1012.71,17.16,5.16
361,5.16,79.02,1012.68,17.16,5.16
362,5.15,79.03,1012.73,17.15,5.15
363,5.15,79.04,1012.73,17.15,5.15
364,5.15,79.05,1012.76,17.15,5.15
365,5.15,79.05,1012.78,17.15,5.15
366,5.15,79.07,1012.75,17.15,5.15
367,5.15,79.07,1012.74,17.15,5.15
368,5.15,79.08,1012.74,17.15,5.15
369,5.15,79.09,1012.75,17.15,5.15
370,5.14,79.09,1012.76,17.14,5.14
371,5.14,79.11,1012.74,17.14,5.14
372,5.13,79.12,1012.68,17.13,5.13
373,5.13,79.14,1012.72,17.13,5.13
374,5.13,79.15,1012.7,17.13,5.13
375,5.13,79.16,1012.73,17.13,5.13
376,5.13,79.17,1012.71,17.13,5.13
377,5.13,79.18,1012.69,17.13,5.13
378,5.13,79.19,1012.68,17.13,5.13
379,5.13,79.19,1012.69,17.13,5.13
380,5.14,79.2,1012.72,17.14,5.14
381,5.13,79.22,1012.69,17.13,5.13
382,5.13,79.22,1012.68,17.13,5.13
383,5.13,79.23,1012.68,17.13,5.13
384,5.13,79.24,1012.68,17.13,5.13
385,5.12,79.25,1012.69,17.12,5.12
386,5.12,79.26,1012.69,17.12,5.12
387,5.13,79.27,1012.66,17.13,5.13
388,5.12,79.27,1012.7,17.12,5.12
389,5.11,79.29,1012.7,17.11,5.11
390,5.12,79.3,1012.71,17.12,5.12
391,5.12,79.31,1012.72,17.12,5.12
392,5.11,79.32,1012.69,17.11,5.11
393,5.11,79.33,1012.72,17.11,5.11
394,5.11,79.34,1012.74,17.11,5.11
395,5.1,79.36,1012.74,17.1,5.1
396,5.11,79.37,1012.73,17.11,5.11
397,5.11,79.38,1012.73,17.11,5.11
398,5.11,79.38,1012.73,17.11,5.11
399,5.1,79.4,1012.74,17.1,5.1
400,5.1,79.42,1012.71,17.1,5.1
401,5.1,79.42,1012.73,17.1,5.1
402,5.1,79.44,1012.79,17.1,5.1
403,5.1,79.47,1012.76,17.1,5.1
404,5.09,79.48,1012.68,17.09,5.09
405,5.1,79.49,1012.7,17.1,5.1
406,5.1,79.5,1012.73,17.1,5.1
407,5.09,79.5,1012.73,17.09,5.09
408,5.09,79.52,1012.71,17.09,5.09
409,5.1,79.54,1012.7,17.1,5.1
410,5.09,79.54,1012.71,17.09,5.09
411,5.09,79.55,1012.7,17.09,5.09
412,5.09,79.57,1012.68,17.09,5.09
413,5.09,79.57,1012.67,17.09,5.09
414,5.09,79.58,1012.64,17.09,5.09
415,5.09,79.59,1012.68,17.09,5.09
416,5.08,79.6,1012.63,17.08,5.08
417,5.09,79.61,1012.64,17.09,5.09
418,5.09,79.62,1012.62,17.09,5.09
419,5.09,79.62,1012.59,17.09,5.09
420,5.08,79.65,1012.58,17.08,5.08
421,5.08,79.67,1012.61,17.08,5.08
422,5.08,79.68,1012.6,17.08,5.08
423,5.08,79.69,1012.62,17.08,5.08
424,5.08,79.69,1012.6,17.08,5.08
425,5.08,79.71,1012.59,17.08,5.08
426,5.08,79.72,1012.56,17.08,5.08
427,5.08,79.72,1012.6,17.08,5.08
428,5.08,79.73,1012.57,17.08,5.08
429,5.07,79.75,1012.59,17.07,5.07
430,5.07,79.75,1012.57,17.07,5.07
431,5.07,79.76,1012.58,17.07,5.07
432,5.07,79.77,1012.58,17.07,5.07
433,5.08,79.78,1012.61,17.08,5.08
434,5.06,79.79,1012.54,17.06,5.06
435,5.07,79.79,1012.57,17.07,5.07
436,5.07,79.81,1012.53,17.07,5.07
437,5.06,79.82,1012.53,17.06,5.06
438,5.06,79.83,1012.51,17.06,5.06
439,5.06,79.83,1012.52,17.06,5.06
440,5.07,79.86,1012.55,17.07,5.07
441,5.07,79.86,1012.56,17.07,5.07
442,5.06,79.87,1012.53,17.06,5.06
443,5.06,79.88,1012.57,17.06,5.06
444,5.06,79.89,1012.53,17.06,5.06
445,5.07,79.9,1012.51,17.07,5.07
446,5.07,79.91,1012.53,17.07,5.07
447,5.06,79.91,1012.48,17.06,5.06
448,5.06,79.94,1012.49,17.06,5.06
449,5.05,79.95,1012.48,17.05,5.05
450,5.05,79.96,1012.47,17.05,5.05
451,5.05,79.97,1012.48,17.05,5.05
452,5.06,79.98,1012.49,17.06,5.06
453,5.05,79.98,1012.51,17.05,5.05
454,5.05,79.99,1012.5,17.05,5.05
455,5.05,80,1012.51,17.05,5.05
456,5.05,80.01,1012.49,17.05,5.05
457,5.04,80.03,1012.48,17.04,5.04
458,5.05,80.04,1012.52,17.05,5.05
459,5.05,80.05,1012.51,17.05,5.05
460,5.05,80.06,1012.49,17.05,5.05
461,5.05,80.06,1012.46,17.05,5.05
462,5.05,80.07,1012.49,17.05,5.05
463,5.05,80.07,1012.49,17.05,5.05
464,5.05,80.09,1012.46,17.05,5.05
465,5.05,80.09,1012.5,17.05,5.05
466,5.04,80.1,1012.46,17.04,5.04
467,5.05,80.11,1012.48,17.05,5.05
468,5.05,80.11,1012.44,17.05,5.05
469,5.05,80.12,1012.49,17.05,5.05
470,5.05,80.14,1012.47,17.05,5.05
471,5.04,80.15,1012.47,17.04,5.04
472,5.04,80.15,1012.44,17.04,5.04
473,5.04,80.16,1012.47,17.04,5.04
474,5.04,80.17,1012.47,17.04,5.04
475,5.04,80.17,1012.45,17.04,5.04
476,5.04,80.2,1012.47,17.04,5.04
477,5.04,80.21,1012.46,17.04,5.04
478,5.03,80.21,1012.46,17.03,5.03
479,5.04,80.22,1012.47,17.04,5.04
480,5.03,80.23,1012.46,17.03,5.03
481,5.03,80.23,1012.42,17.03,5.03
482,5.04,80.25,1012.45,17.04,5.04
483,5.04,80.26,1012.44,17.04,5.04
484,5.03,80.29,1012.41,17.03,5.03
485,5.03,80.3,1012.42,17.03,5.03
486,5.04,80.31,1012.46,17.04,5.04
487,5.03,80.32,1012.45,17.03,5.03
488,5.02,80.33,1012.37,17.02,5.02
489,5.04,80.34,1012.42,17.04,5.04
490,5.03,80.34,1012.42,17.03,5.03
491,5.02,80.35,1012.42,17.02,5.02
492,5.02,80.35,1012.39,17.02,5.02
493,5.03,80.36,1012.39,17.03,5.03
494,5.02,80.37,1012.38,17.02,5.02
495,5.02,80.38,1012.38,17.02,5.02
496,5.03,80.38,1012.39,17.03,5.03
497,5.03,80.39,1012.41,17.03,5.03
498,5.02,80.39,1012.39,17.02,5.02
499,5.03,80.4,1012.42,17.03,5.03
500,5.02,80.4,1012.37,17.02,5.02
501,5.03,80.41,1012.41,17.03,5.03
502,5.02,80.41,1012.41,17.02,5.02
503,5.02,80.42,1012.38,17.02,5.02
504,5.01,80.43,1012.34,17.01,5.01
505,5.02,80.44,1012.39,17.02,5.02
506,5.01,80.44,1012.41,17.01,5.01
507,5.01,80.45,1012.39,17.01,5.01
508,5.01,80.46,1012.41,17.01,5.01
509,5.01,80.46,1012.4,17.01,5.01
510,5.01,80.47,1012.37,17.01,5.01
511,5.02,80.48,1012.39,17.02,5.02
512,5.02,80.48,1012.42,17.02,5.02
513,5.02,80.49,1012.42,17.02,5.02
514,5.01,80.5,1012.4,17.01,5.01
515,5.01,80.51,1012.39,17.01,5.01
516,5.01,80.51,1012.44,17.01,5.01
517,5.01,80.51,1012.42,17.01,5.01
518,5.01,80.52,1012.41,17.01,5.01
519,5.01,80.53,1012.43,17.01,5.01
520,5.01,80.53,1012.4,17.01,5.01
521,5.01,80.54,1012.42,17.01,5.01
522,5.01,80.54,1012.41,17.01,5.01
523,5,80.56,1012.43,17,5
524,5.01,80.56,1012.44,17.01,5.01
525,5.01,80.56,1012.44,17.01,5.01
526,5.01,80.57,1012.44,17.01,5.01
527,5.01,80.59,1012.46,17.01,5.01
528,5.01,80.6,1012.47,17.01,5.01
529,5,80.6,1012.43,17,5
530,5.01,80.61,1012.45,17.01,5.01
531,5.01,80.61,1012.47,17.01,5.01
532,5.01,80.62,1012.47,17.01,5.01
533,5,80.63,1012.51,17,5
534,5,80.64,1012.51,17,5
535,5.01,80.64,1012.54,17.01,5.01
536,5,80.65,1012.51,17,5
537,5,80.66,1012.53,17,5
538,5,80.66,1012.55,17,5
539,5,80.67,1012.57,17,5
540,5,80.68,1012.58,17,5
541,5,80.69,1012.61,17,5
542,5,80.69,1012.63,17,5
543,5,80.69,1012.58,17,5
544,4.99,80.71,1012.57,16.99,4.99
545,4.99,80.72,1012.6,16.99,4.99
546,5,80.72,1012.64,17,5
547,4.99,80.73,1012.66,16.99,4.99
548,4.99,80.74,1012.63,16.99,4.99
549,4.99,80.74,1012.68,16.99,4.99
550,4.99,80.75,1012.66,16.99,4.99
551,5,80.75,1012.67,17,5
552,4.99,80.76,1012.65,16.99,4.99
553,4.99,80.76,1012.71,16.99,4.99
554,4.99,80.77,1012.66,16.99,4.99
555,4.99,80.77,1012.68,16.99,4.99
556,4.99,80.78,1012.69,16.99,4.99
557,4.99,80.79,1012.69,16.99,4.99
558,4.98,80.8,1012.65,16.98,4.98
559,4.99,80.79,1012.67,16.99,4.99
560,4.99,80.8,1012.71,16.99,4.99
561,4.98,80.81,1012.67,16.98,4.98
562,4.98,80.83,1012.69,16.98,4.98
563,4.98,80.83,1012.68,16.98,4.98
564,4.99,80.83,1012.68,16.99,4.99
565,4.98,80.83,1012.66,16.98,4.98
566,4.98,80.85,1012.65,16.98,4.98
567,4.99,80.85,1012.68,16.99,4.99
568,4.98,80.86,1012.65,16.98,4.98
569,4.99,80.86,1012.65,16.99,4.99
570,4.98,80.87,1012.64,16.98,4.98
571,4.98,80.87,1012.65,16.98,4.98
572,4.98,80.88,1012.64,16.98,4.98
573,4.98,80.89,1012.67,16.98,4.98
574,4.98,80.89,1012.65,16.98,4.98
575,4.98,80.89,1012.67,16.98,4.98
576,4.98,80.9,1012.66,16.98,4.98
577,4.98,80.91,1012.64,16.98,4.98
578,4.98,80.91,1012.67,16.98,4.98
579,4.98,80.92,1012.68,16.98,4.98
580,4.98,80.92,1012.66,16.98,4.98
581,4.97,80.93,1012.66,16.97,4.97
582,4.98,80.94,1012.66,16.98,4.98
583,4.97,80.95,1012.65,16.97,4.97
584,4.98,80.95,1012.69,16.98,4.98
585,4.97,80.95,1012.66,16.97,4.97
586,4.97,80.97,1012.69,16.97,4.97
587,4.97,80.98,1012.68,16.97,4.97
588,4.98,80.98,1012.74,16.98,4.98
589,4.97,80.99,1012.68,16.97,4.97
590,4.98,80.99,1012.72,16.98,4.98
591,4.98,81,1012.73,16.98,4.98
592,4.97,81,1012.71,16.97,4.97
593,4.97,81.01,1012.7,16.97,4.97
594,4.97,81.01,1012.74,16.97,4.97
595,4.97,81.02,1012.74,16.97,4.97
596,4.97,81.02,1012.74,16.97,4.97
597,4.96,81.03,1012.71,16.96,4.96
598,4.97,81.03,1012.72,16.97,4.97
599,4.97,81.04,1012.7,16.97,4.97
600,4.97,81.04,1012.73,16.97,4.97
601,4.97,81.05,1012.7,16.97,4.97
602,4.97,81.05,1012.71,16.97,4.97
603,4.97,81.05,1012.72,16.97,4.97
604,4.97,81.07,1012.73,16.97,4.97
605,4.96,81.07,1012.7,16.96,4.96
606,4.96,81.08,1012.73,16.96,4.96
607,4.97,81.08,1012.74,16.97,4.97
608,4.97,81.08,1012.71,16.97,4.97
609,4.96,81.09,1012.71,16.96,4.96
610,4.96,81.05,1012.69,16.96,4.96
611,4.96,81.1,1012.69,16.96,4.96
612,4.96,81.11,1012.7,16.96,4.96
613,4.96,81.11,1012.64,16.96,4.96
614,4.96,81.12,1012.67,16.96,4.96
615,4.97,81.12,1012.69,16.97,4.97
616,4.95,81.13,1012.65,16.95,4.95
617,4.97,81.13,1012.67,16.97,4.97
618,4.96,81.14,1012.66,16.96,4.96
619,4.95,81.14,1012.65,16.95,4.95
620,4.95,81.15,1012.67,16.95,4.95
621,4.96,81.15,1012.66,16.96,4.96
622,4.95,81.16,1012.65,16.95,4.95
623,4.96,81.16,1012.65,16.96,4.96
624,4.95,81.17,1012.64,16.95,4.95
625,4.95,81.17,1012.65,16.95,4.95
626,4.95,81.17,1012.64,16.95,4.95
627,4.96,81.18,1012.65,16.96,4.96
628,4.95,81.18,1012.62,16.95,4.95
629,4.95,81.19,1012.63,16.95,4.95
630,4.95,81.19,1012.67,16.95,4.95
631,4.95,81.2,1012.64,16.95,4.95
632,4.95,81.2,1012.6,16.95,4.95
633,4.96,81.21,1012.65,16.96,4.96
634,4.95,81.21,1012.64,16.95,4.95
635,4.96,81.22,1012.69,16.96,4.96
636,4.95,81.22,1012.63,16.95,4.95
637,4.95,81.23,1012.63,16.95,4.95
638,4.96,81.24,1012.61,16.96,4.96
639,4.95,81.24,1012.61,16.95,4.95
640,4.95,81.25,1012.59,16.95,4.95
641,4.95,81.25,1012.61,16.95,4.95
642,4.95,81.26,1012.61,16.95,4.95
643,4.94,81.26,1012.61,16.94,4.94
644,4.94,81.27,1012.6,16.94,4.94
645,4.95,81.27,1012.61,16.95,4.95
646,4.94,81.28,1012.62,16.94,4.94
647,4.94,81.28,1012.62,16.94,4.94
648,4.95,81.29,1012.63,16.95,4.95
649,4.94,81.29,1012.61,16.94,4.94
650,4.95,81.3,1012.66,16.95,4.95
651,4.95,81.31,1012.65,16.95,4.95
652,4.95,81.3,1012.66,16.95,4.95
653,4.94,81.31,1012.66,16.94,4.94
654,4.94,81.31,1012.65,16.94,4.94
655,4.94,81.32,1012.62,16.94,4.94
656,4.94,81.32,1012.64,16.94,4.94
657,4.94,81.33,1012.66,16.94,4.94
658,4.94,81.33,1012.64,16.94,4.94
659,4.94,81.33,1012.64,16.94,4.94
660,4.94,81.34,1012.65,16.94,4.94
661,4.95,81.35,1012.67,16.95,4.95
662,4.95,81.35,1012.68,16.95,4.95
663,4.94,81.35,1012.68,16.94,4.94
664,4.94,81.36,1012.67,16.94,4.94
665,4.94,81.36,1012.71,16.94,4.94
666,4.94,81.37,1012.72,16.94,4.94
667,4.94,81.37,1012.7,16.94,4.94
668,4.94,81.38,1012.71,16.94,4.94
669,4.94,81.38,1012.67,16.94,4.94
670,4.94,81.4,1012.69,16.94,4.94
671,4.94,81.4,1012.69,16.94,4.94
672,4.94,81.41,1012.69,16.94,4.94
673,4.94,81.42,1012.73,16.94,4.94
674,4.93,81.42,1012.72,16.93,4.93
675,4.94,81.44,1012.76,16.94,4.94
676,4.94,81.43,1012.72,16.94,4.94
677,4.94,81.44,1012.77,16.94,4.94
678,4.94,81.45,1012.74,16.94,4.94
679,4.94,81.45,1012.79,16.94,4.94
680,4.94,81.45,1012.76,16.94,4.94
681,4.93,81.45,1012.76,16.93,4.93
682,4.94,81.46,1012.8,16.94,4.94
683,4.94,81.47,1012.77,16.94,4.94
684,4.94,81.49,1012.78,16.94,4.94
685,4.94,81.49,1012.78,16.94,4.94
686,4.94,81.5,1012.79,16.94,4.94
687,4.94,81.5,1012.81,16.94,4.94
688,4.94,81.51,1012.83,16.94,4.94
689,4.94,81.51,1012.82,16.94,4.94
690,4.93,81.5,1012.82,16.93,4.93
691,4.93,81.51,1012.81,16.93,4.93
692,4.94,81.52,1012.82,16.94,4.94
693,4.93,81.52,1012.83,16.93,4.93
694,4.93,81.52,1012.83,16.93,4.93
695,4.93,81.52,1012.83,16.93,4.93
696,4.93,81.54,1012.85,16.93,4.93
697,4.93,81.54,1012.82,16.93,4.93
698,4.93,81.54,1012.85,16.93,4.93
699,4.93,81.56,1012.83,16.93,4.93
700,4.93,81.56,1012.83,16.93,4.93
701,4.93,81.56,1012.81,16.93,4.93
702,4.93,81.57,1012.79,16.93,4.93
703,4.92,81.57,1012.81,16.92,4.92
704,4.93,81.57,1012.81,16.93,4.93
705,4.92,81.58,1012.8,16.92,4.92
706,4.93,81.58,1012.8,16.93,4.93
707,4.93,81.59,1012.77,16.93,4.93
708,4.93,81.59,1012.8,16.93,4.93
709,4.93,81.59,1012.81,16.93,4.93
710,4.92,81.6,1012.79,16.92,4.92
711,4.92,81.6,1012.81,16.92,4.92
712,4.93,81.61,1012.83,16.93,4.93
713,4.93,81.61,1012.81,16.93,4.93
714,4.93,81.61,1012.79,16.93,4.93
715,4.92,81.62,1012.83,16.92,4.92
716,4.93,81.63,1012.83,16.93,4.93
717,4.93,81.63,1012.82,16.93,4.93
718,4.93,81.63,1012.82,16.93,4.93
719,4.93,81.64,1012.85,16.93,4.93
720,4.92,81.65,1012.83,16.92,4.92
721,4.93,81.65,1012.85,16.93,4.93
722,4.93,81.65,1012.83,16.93,4.93
723,4.92,81.66,1012.87,16.92,4.92
724,4.92,81.67,1012.87,16.92,4.92
725,4.93,81.67,1012.84,16.93,4.93
726,4.93,81.67,1012.88,16.93,4.93
727,4.92,81.67,1012.87,16.92,4.92
728,4.93,81.68,1012.88,16.93,4.93
729,4.92,81.69,1012.87,16.92,4.92
730,4.93,81.69,1012.88,16.93,4.93
731,4.92,81.7,1012.87,16.92,4.92
732,4.93,81.69,1012.89,16.93,4.93
733,4.92,81.7,1012.86,16.92,4.92
734,4.92,81.71,1012.86,16.92,4.92
735,4.93,81.72,1012.89,16.93,4.93
736,4.93,81.72,1012.9,16.93,4.93
737,4.92,81.73,1012.89,16.92,4.92
738,4.93,81.73,1012.87,16.93,4.93
739,4.92,81.74,1012.82,16.92,4.92
740,4.92,81.74,1012.84,16.92,4.92
741,4.92,81.74,1012.85,16.92,4.92
742,4.92,81.74,1012.87,16.92,4.92
743,4.92,81.75,1012.85,16.92,4.92
744,4.91,81.75,1012.86,16.91,4.91
745,4.92,81.75,1012.84,16.92,4.92
746,4.91,81.77,1012.82,16.91,4.91
747,4.92,81.77,1012.84,16.92,4.92
748,4.91,81.77,1012.84,16.91,4.91
749,4.91,81.78,1012.84,16.91,4.91
750,4.91,81.78,1012.82,16.91,4.91
751,4.92,81.78,1012.82,16.92,4.92
752,4.92,81.79,1012.86,16.92,4.92
753,4.91,81.79,1012.84,16.91,4.91
754,4.92,81.8,1012.86,16.92,4.92
755,4.91,81.8,1012.89,16.91,4.91
756,4.91,81.81,1012.82,16.91,4.91
757,4.91,81.81,1012.87,16.91,4.91
758,4.92,81.82,1012.86,16.92,4.92
759,4.91,81.82,1012.88,16.91,4.91
760,4.92,81.82,1012.88,16.92,4.92
761,4.91,81.82,1012.9,16.91,4.91
762,4.91,81.83,1012.91,16.91,4.91
763,4.91,81.83,1012.9,16.91,4.91
764,4.91,81.83,1012.9,16.91,4.91
765,4.91,81.84,1012.93,16.91,4.91
766,4.91,81.84,1012.94,16.91,4.91
767,4.91,81.85,1012.88,16.91,4.91
768,4.91,81.85,1012.9,16.91,4.91
769,4.91,81.85,1012.91,16.91,4.91
770,4.91,81.86,1012.92,16.91,4.91
771,4.91,81.87,1012.94,16.91,4.91
772,4.91,81.86,1012.96,16.91,4.91
773,4.91,81.87,1012.95,16.91,4.91
774,4.91,81.87,1012.97,16.91,4.91
775,4.91,81.88,1012.93,16.91,4.91
776,4.91,81.88,1012.96,16.91,4.91
777,4.91,81.89,1012.96,16.91,4.91
778,4.91,81.89,1012.99,16.91,4.91
779,4.91,81.9,1012.96,16.91,4.91
780,4.91,81.89,1012.99,16.91,4.91
781,4.91,81.9,1013.03,16.91,4.91
782,4.91,81.91,1012.99,16.91,4.91
783,4.91,81.91,1013.01,16.91,4.91
784,4.91,81.91,1013.01,16.91,4.91
785,4.91,81.91,1013,16.91,4.91
786,4.91,81.92,1013,16.91,4.91
787,4.9,81.92,1013,16.9,4.9
788,4.9,81.92,1012.96,16.9,4.9
789,4.9,81.92,1012.99,16.9,4.9
790,4.91,81.93,1012.99,16.91,4.91
791,4.9,81.93,1012.93,16.9,4.9
792,4.9,81.94,1012.98,16.9,4.9
793,4.9,81.94,1013,16.9,4.9
794,4.9,81.95,1013,16.9,4.9
795,4.9,81.95,1013.02,16.9,4.9
796,4.9,81.96,1013.01,16.9,4.9
797,4.9,81.96,1013.06,16.9,4.9
798,4.9,81.96,1013.02,16.9,4.9
799,4.9,81.97,1013.01,16.9,4.9
800,4.89,81.97,1013.01,16.89,4.89
801,4.9,81.98,1013.03,16.9,4.9
802,4.9,81.99,1013.02,16.9,4.9
803,4.91,81.99,1013.04,16.91,4.91
804,4.9,81.99,1012.97,16.9,4.9
805,4.9,82,1013,16.9,4.9
806,4.91,82.01,1012.98,16.91,4.91
807,4.9,82.01,1012.92,16.9,4.9
808,4.9,82.01,1012.96,16.9,4.9
809,4.9,82.02,1012.97,16.9,4.9
810,4.9,82.02,1012.94,16.9,4.9
811,4.9,82.02,1012.98,16.9,4.9
812,4.9,82.03,1012.99,16.9,4.9
813,4.9,82.04,1012.98,16.9,4.9
814,4.91,82.04,1013.02,16.91,4.91
815,4.9,82.04,1013.03,16.9,4.9
816,4.9,82.05,1012.98,16.9,4.9
817,4.9,82.05,1013,16.9,4.9
818,4.9,82.05,1013.03,16.9,4.9
819,4.9,82.05,1013.08,16.9,4.9
820,4.9,82.06,1013.08,16.9,4.9
821,4.91,82.06,1013.09,16.91,4.91
822,4.9,82.06,1013.08,16.9,4.9
823,4.89,82.07,1013.09,16.89,4.89
824,4.9,82.08,1013.12,16.9,4.9
825,4.89,82.08,1013.1,16.89,4.89
826,4.89,82.08,1013.12,16.89,4.89
827,4.9,82.1,1013.09,16.9,4.9
828,4.89,82.09,1013.1,16.89,4.89
829,4.89,82.09,1013.08,16.89,4.89
830,4.89,82.09,1013.12,16.89,4.89
831,4.9,82.1,1013.12,16.9,4.9
832,4.9,82.11,1013.15,16.9,4.9
833,4.89,82.1,1013.11,16.89,4.89
834,4.9,82.13,1013.11,16.9,4.9
835,4.89,82.12,1013.12,16.89,4.89
836,4.89,82.13,1013.11,16.89,4.89
837,4.89,82.13,1013.14,16.89,4.89
838,4.9,82.15,1013.19,16.9,4.9
839,4.89,82.15,1013.12,16.89,4.89
840,4.9,82.15,1013.18,16.9,4.9
841,4.9,82.16,1013.16,16.9,4.9
842,4.89,82.16,1013.16,16.89,4.89
843,4.89,82.16,1013.14,16.89,4.89
844,4.88,82.15,1013.13,16.88,4.88
845,4.89,82.17,1013.17,16.89,4.89
846,4.89,82.17,1013.17,16.89,4.89
847,4.89,82.17,1013.15,16.89,4.89
848,4.89,82.18,1013.16,16.89,4.89
849,4.89,82.19,1013.14,16.89,4.89
850,4.89,82.19,1013.14,16.89,4.89
851,4.89,82.19,1013.16,16.89,4.89
852,4.89,82.2,1013.16,16.89,4.89
853,4.89,82.2,1013.14,16.89,4.89
854,4.88,82.2,1013.17,16.88,4.88
855,4.89,82.21,1013.23,16.89,4.89
856,4.9,82.21,1013.23,16.9,4.9
857,4.88,82.22,1013.26,16.88,4.88
858,4.88,82.23,1013.25,16.88,4.88
859,4.88,82.23,1013.24,16.88,4.88
860,4.88,82.23,1013.21,16.88,4.88
861,4.88,82.23,1013.21,16.88,4.88
862,4.89,82.24,1013.24,16.89,4.89
863,4.88,82.24,1013.21,16.88,4.88
864,4.88,82.24,1013.25,16.88,4.88
865,4.89,82.25,1013.29,16.89,4.89
866,4.89,82.25,1013.31,16.89,4.89
867,4.89,82.26,1013.34,16.89,4.89
868,4.88,82.26,1013.31,16.88,4.88
869,4.88,82.28,1013.21,16.88,4.88
870,4.88,82.28,1013.24,16.88,4.88
871,4.88,82.28,1013.23,16.88,4.88
872,4.88,82.29,1013.21,16.88,4.88
873,4.88,82.29,1013.24,16.88,4.88
874,4.88,82.3,1013.23,16.88,4.88
875,4.89,82.3,1013.22,16.89,4.89
876,4.89,82.3,1013.25,16.89,4.89
877,4.88,82.31,1013.18,16.88,4.88
878,4.88,82.31,1013.2,16.88,4.88
879,4.88,82.31,1013.2,16.88,4.88
880,4.87,82.31,1013.2,16.87,4.87
881,4.88,82.31,1013.22,16.88,4.88
882,4.87,82.32,1013.15,16.87,4.87
883,4.88,82.32,1013.23,16.88,4.88
884,4.88,82.33,1013.26,16.88,4.88
885,4.87,82.33,1013.21,16.87,4.87
886,4.87,82.34,1013.25,16.87,4.87
887,4.87,82.34,1013.2,16.87,4.87
888,4.89,82.34,1013.24,16.89,4.89
889,4.88,82.34,1013.24,16.88,4.88
890,4.88,82.35,1013.22,16.88,4.88
891,4.87,82.35,1013.21,16.87,4.87
892,4.88,82.35,1013.18,16.88,4.88
893,4.87,82.35,1013.22,16.87,4.87
894,4.88,82.36,1013.22,16.88,4.88
895,4.88,82.36,1013.22,16.88,4.88
896,4.88,82.36,1013.21,16.88,4.88
897,4.88,82.37,1013.25,16.88,4.88
898,4.87,82.36,1013.2,16.87,4.87
899,4.87,82.37,1013.19,16.87,4.87
900,4.87,82.37,1013.16,16.87,4.87
901,4.87,82.38,1013.15,16.87,4.87
902,4.87,82.38,1013.12,16.87,4.87
903,4.87,82.38,1013.13,16.87,4.87
904,4.87,82.39,1013.12,16.87,4.87
905,4.88,82.39,1013.11,16.88,4.88
906,4.86,82.39,1013.11,16.86,4.86
907,4.86,82.39,1013.08,16.86,4.86
908,4.87,82.4,1013.14,16.87,4.87
909,4.87,82.4,1013.14,16.87,4.87
910,4.87,82.41,1013.15,16.87,4.87
911,4.87,82.41,1013.15,16.87,4.87
912,4.87,82.41,1013.14,16.87,4.87
913,4.87,82.41,1013.13,16.87,4.87
914,4.88,82.42,1013.12,16.88,4.88
915,4.87,82.42,1013.15,16.87,4.87
916,4.87,82.42,1013.11,16.87,4.87
917,4.88,82.43,1013.14,16.88,4.88
918,4.87,82.43,1013.09,16.87,4.87
919,4.87,82.44,1013.08,16.87,4.87
920,4.87,82.44,1013.09,16.87,4.87
921,4.87,82.44,1013.16,16.87,4.87
922,4.88,82.44,1013.17,16.88,4.88
923,4.87,82.45,1013.15,16.87,4.87
924,4.87,82.45,1013.19,16.87,4.87
925,4.86,82.45,1013.11,16.86,4.86
926,4.87,82.45,1013.2,16.87,4.87
927,4.87,82.45,1013.2,16.87,4.87
928,4.86,82.46,1013.15,16.86,4.86
929,4.87,82.46,1013.15,16.87,4.87
930,4.87,82.47,1013.16,16.87,4.87
931,4.87,82.47,1013.16,16.87,4.87
932,4.87,82.48,1013.19,16.87,4.87
933,4.87,82.48,1013.17,16.87,4.87
934,4.87,82.48,1013.2,16.87,4.87
935,4.86,82.49,1013.15,16.86,4.86
936,4.87,82.49,1013.2,16.87,4.87
937,4.87,82.49,1013.17,16.87,4.87
938,4.86,82.49,1013.21,16.86,4.86
939,4.86,82.5,1013.19,16.86,4.86
940,4.86,82.5,1013.17,16.86,4.86
941,4.87,82.5,1013.2,16.87,4.87
942,4.87,82.51,1013.18,16.87,4.87
943,4.86,82.51,1013.19,16.86,4.86
944,4.86,82.53,1013.2,16.86,4.86
945,4.87,82.53,1013.19,16.87,4.87
946,4.87,82.53,1013.21,16.87,4.87
947,4.86,82.54,1013.22,16.86,4.86
948,4.86,82.54,1013.23,16.86,4.86
949,4.87,82.55,1013.23,16.87,4.87
950,4.87,82.55,1013.27,16.87,4.87
951,4.86,82.55,1013.25,16.86,4.86
952,4.87,82.55,1013.27,16.87,4.87
953,4.86,82.56,1013.25,16.86,4.86
954,4.87,82.56,1013.29,16.87,4.87
955,4.86,82.57,1013.3,16.86,4.86
956,4.87,82.57,1013.31,16.87,4.87
957,4.87,82.57,1013.33,16.87,4.87
958,4.86,82.57,1013.3,16.86,4.86
959,4.86,82.57,1013.33,16.86,4.86
960,4.86,82.58,1013.32,16.86,4.86
961,4.86,82.58,1013.33,16.86,4.86
962,4.87,82.58,1013.36,16.87,4.87
963,4.86,82.58,1013.32,16.86,4.86
964,4.87,82.59,1013.36,16.87,4.87
965,4.87,82.59,1013.34,16.87,4.87
966,4.86,82.59,1013.29,16.86,4.86
967,4.86,82.59,1013.31,16.86,4.86
968,4.86,82.59,1013.3,16.86,4.86
969,4.86,82.6,1013.32,16.86,4.86
970,4.86,82.6,1013.32,16.86,4.86
971,4.86,82.6,1013.34,16.86,4.86
972,4.86,82.6,1013.31,16.86,4.86
973,4.86,82.6,1013.32,16.86,4.86
974,4.86,82.61,1013.33,16.86,4.86
975,4.86,82.62,1013.35,16.86,4.86
976,4.86,82.62,1013.36,16.86,4.86
977,4.86,82.62,1013.36,16.86,4.86
978,4.86,82.62,1013.4,16.86,4.86
979,4.86,82.63,1013.37,16.86,4.86
980,4.87,82.64,1013.4,16.87,4.87
981,4.86,82.64,1013.45,16.86,4.86
982,4.86,82.64,1013.45,16.86,4.86
983,4.86,82.64,1013.46,16.86,4.86
984,4.85,82.65,1013.45,16.85,4.85
985,4.86,82.64,1013.48,16.86,4.86
986,4.86,82.64,1013.49,16.86,4.86
987,4.86,82.65,1013.43,16.86,4.86
988,4.86,82.65,1013.51,16.86,4.86
989,4.86,82.65,1013.51,16.86,4.86
990,4.86,82.65,1013.49,16.86,4.86
991,4.86,82.65,1013.52,16.86,4.86
992,4.87,82.65,1013.52,16.87,4.87
993,4.86,82.65,1013.48,16.86,4.86
994,4.86,82.66,1013.47,16.86,4.86
995,4.86,82.66,1013.5,16.86,4.86
996,4.86,82.67,1013.49,16.86,4.86
997,4.86,82.66,1013.47,16.86,4.86
998,4.86,82.67,1013.48,16.86,4.86
999,4.86,82.67,1013.47,16.86,4.86
1000,4.86,82.67,1013.48,16.86,4.86
1001,4.85,82.67,1013.42,16.85,4.85
1002,4.86,82.67,1013.48,16.86,4.86
1003,4.86,82.67,1013.45,16.86,4.86
1004,4.86,82.69,1013.43,16.86,4.86
1005,4.86,82.69,1013.42,16.86,4.86
1006,4.86,82.69,1013.45,16.86,4.86
1007,4.85,82.69,1013.42,16.85,4.85
1008,4.86,82.69,1013.41,16.86,4.86
1009,4.85,82.69,1013.4,16.85,4.85
1010,4.85,82.7,1013.41,16.85,4.85
1011,4.86,82.7,1013.48,16.86,4.86
1012,4.85,82.69,1013.4,16.85,4.85
1013,4.85,82.71,1013.42,16.85,4.85
1014,4.86,82.7,1013.48,16.86,4.86
1015,4.86,82.7,1013.43,16.86,4.86
1016,4.85,82.7,1013.43,16.85,4.85
1017,4.85,82.7,1013.43,16.85,4.85
1018,4.85,82.72,1013.45,16.85,4.85
1019,4.85,82.71,1013.43,16.85,4.85
1020,4.85,82.72,1013.49,16.85,4.85
1021,4.85,82.72,1013.51,16.85,4.85
1022,4.86,82.72,1013.49,16.86,4.86
1023,4.85,82.72,1013.51,16.85,4.85
1024,4.86,82.73,1013.54,16.86,4.86
1025,4.85,82.73,1013.49,16.85,4.85
1026,4.85,82.72,1013.49,16.85,4.85
1027,4.85,82.73,1013.5,16.85,4.85
1028,4.85,82.74,1013.49,16.85,4.85
1029,4.85,82.74,1013.44,16.85,4.85
1030,4.86,82.72,1013.45,16.86,4.86
1031,4.85,82.73,1013.44,16.85,4.85
1032,4.85,82.75,1013.47,16.85,4.85
1033,4.86,82.74,1013.47,16.86,4.86
1034,4.85,82.75,1013.49,16.85,4.85
1035,4.85,82.75,1013.49,16.85,4.85
1036,4.85,82.75,1013.46,16.85,4.85
1037,4.85,82.75,1013.47,16.85,4.85
1038,4.86,82.75,1013.49,16.86,4.86
1039,4.85,82.75,1013.45,16.85,4.85
1040,4.85,82.76,1013.48,16.85,4.85
1041,4.85,82.76,1013.47,16.85,4.85
1042,4.85,82.75,1013.47,16.85,4.85
1043,4.86,82.76,1013.46,16.86,4.86
1044,4.85,82.77,1013.44,16.85,4.85
1045,4.85,82.77,1013.44,16.85,4.85
1046,4.85,82.77,1013.45,16.85,4.85
1047,4.85,82.77,1013.46,16.85,4.85
1048,4.85,82.78,1013.45,16.85,4.85
1049,4.85,82.78,1013.49,16.85,4.85
1050,4.85,82.78,1013.48,16.85,4.85
1051,4.85,82.78,1013.53,16.85,4.85
1052,4.86,82.78,1013.53,16.86,4.86
1053,4.86,82.78,1013.54,16.86,4.86
1054,4.85,82.79,1013.56,16.85,4.85
1055,4.86,82.78,1013.59,16.86,4.86
1056,4.86,82.79,1013.59,16.86,4.86
1057,4.85,82.8,1013.58,16.85,4.85
1058,4.86,82.79,1013.62,16.86,4.86
1059,4.85,82.8,1013.63,16.85,4.85
1060,4.85,82.8,1013.62,16.85,4.85
1061,4.85,82.8,1013.58,16.85,4.85
1062,4.85,82.8,1013.62,16.85,4.85
1063,4.85,82.8,1013.56,16.85,4.85
1064,4.85,82.81,1013.6,16.85,4.85
1065,4.85,82.81,1013.58,16.85,4.85
1066,4.85,82.81,1013.6,16.85,4.85
1067,4.85,82.81,1013.59,16.85,4.85
1068,4.85,82.82,1013.64,16.85,4.85
1069,4.86,82.81,1013.62,16.86,4.86
1070,4.85,82.81,1013.62,16.85,4.85
1071,4.85,82.82,1013.68,16.85,4.85
1072,4.84,82.82,1013.62,16.84,4.84
1073,4.85,82.82,1013.61,16.85,4.85
1074,4.85,82.83,1013.62,16.85,4.85
1075,4.85,82.82,1013.6,16.85,4.85
1076,4.85,82.82,1013.66,16.85,4.85
1077,4.84,82.83,1013.63,16.84,4.84
1078,4.85,82.83,1013.63,16.85,4.85
1079,4.85,82.83,1013.66,16.85,4.85
1080,4.84,82.83,1013.64,16.84,4.84
1081,4.84,82.84,1013.63,16.84,4.84
1082,4.85,82.84,1013.63,16.85,4.85
1083,4.84,82.84,1013.65,16.84,4.84
1084,4.84,82.84,1013.63,16.84,4.84
1085,4.84,82.84,1013.62,16.84,4.84
1086,4.85,82.84,1013.66,16.85,4.85
1087,4.84,82.85,1013.68,16.84,4.84
1088,4.84,82.85,1013.63,16.84,4.84
1089,4.84,82.85,1013.69,16.84,4.84
1090,4.84,82.86,1013.72,16.84,4.84
1091,4.84,82.86,1013.7,16.84,4.84
1092,4.85,82.86,1013.73,16.85,4.85
1093,4.84,82.86,1013.69,16.84,4.84
1094,4.85,82.87,1013.65,16.85,4.85
1095,4.85,82.86,1013.64,16.85,4.85
1096,4.84,82.87,1013.68,16.84,4.84
1097,4.85,82.87,1013.67,16.85,4.85
1098,4.85,82.87,1013.67,16.85,4.85
1099,4.84,82.87,1013.67,16.84,4.84
1100,4.84,82.88,1013.7,16.84,4.84
1101,4.84,82.87,1013.66,16.84,4.84
1102,4.85,82.87,1013.66,16.85,4.85
1103,4.84,82.87,1013.67,16.84,4.84
1104,4.84,82.87,1013.66,16.84,4.84
1105,4.84,82.88,1013.66,16.84,4.84
1106,4.84,82.88,1013.66,16.84,4.84
1107,4.84,82.88,1013.65,16.84,4.84
1108,4.84,82.88,1013.64,16.84,4.84
1109,4.84,82.89,1013.61,16.84,4.84
1110,4.84,82.89,1013.64,16.84,4.84
1111,4.85,82.89,1013.68,16.85,4.85
1112,4.84,82.89,1013.69,16.84,4.84
1113,4.85,82.89,1013.68,16.85,4.85
1114,4.84,82.89,1013.66,16.84,4.84
1115,4.84,82.9,1013.73,16.84,4.84
1116,4.84,82.9,1013.7,16.84,4.84
1117,4.84,82.9,1013.71,16.84,4.84
1118,4.84,82.9,1013.67,16.84,4.84
1119,4.85,82.9,1013.73,16.85,4.85
1120,4.84,82.91,1013.65,16.84,4.84
1121,4.84,82.91,1013.71,16.84,4.84
1122,4.84,82.91,1013.7,16.84,4.84
1123,4.84,82.91,1013.65,16.84,4.84
1124,4.85,82.91,1013.73,16.85,4.85
1125,4.84,82.91,1013.7,16.84,4.84
1126,4.84,82.92,1013.74,16.84,4.84
1127,4.84,82.92,1013.73,16.84,4.84
1128,4.84,82.93,1013.72,16.84,4.84
1129,4.84,82.93,1013.71,16.84,4.84
1130,4.84,82.93,1013.71,16.84,4.84
1131,4.84,82.93,1013.72,16.84,4.84
1132,4.84,82.94,1013.73,16.84,4.84
1133,4.84,82.94,1013.78,16.84,4.84
1134,4.83,82.94,1013.77,16.83,4.83
1135,4.84,82.94,1013.82,16.84,4.84
1136,4.84,82.95,1013.8,16.84,4.84
1137,4.84,82.95,1013.81,16.84,4.84
1138,4.84,82.95,1013.76,16.84,4.84
1139,4.84,82.95,1013.76,16.84,4.84
1140,4.84,82.95,1013.78,16.84,4.84
1141,4.84,82.95,1013.78,16.84,4.84
1142,4.84,82.96,1013.84,16.84,4.84
1143,4.84,82.96,1013.77,16.84,4.84
1144,4.84,82.96,1013.79,16.84,4.84
1145,4.84,82.97,1013.8,16.84,4.84
1146,4.84,82.97,1013.79,16.84,4.84
1147,4.84,82.97,1013.8,16.84,4.84
1148,4.84,82.97,1013.81,16.84,4.84
1149,4.84,82.98,1013.85,16.84,4.84
1150,4.84,82.98,1013.82,16.84,4.84
1151,4.84,82.98,1013.78,16.84,4.84
1152,4.84,82.98,1013.8,16.84,4.84
1153,4.84,82.98,1013.81,16.84,4.84
1154,4.84,82.99,1013.79,16.84,4.84
1155,4.84,82.99,1013.78,16.84,4.84
1156,4.84,82.99,1013.79,16.84,4.84
1157,4.83,82.99,1013.72,16.83,4.83
1158,4.83,82.99,1013.76,16.83,4.83
1159,4.84,82.99,1013.77,16.84,4.84
1160,4.83,83,1013.8,16.83,4.83
1161,4.83,83,1013.77,16.83,4.83
1162,4.83,83.01,1013.79,16.83,4.83
1163,4.84,83.01,1013.78,16.84,4.84
1164,4.83,83.01,1013.8,16.83,4.83
1165,4.83,83.01,1013.75,16.83,4.83
1166,4.83,83.02,1013.77,16.83,4.83
1167,4.83,83.02,1013.77,16.83,4.83
1168,4.84,83.02,1013.82,16.84,4.84
1169,4.83,83.03,1013.87,16.83,4.83
1170,4.84,83.02,1013.87,16.84,4.84
1171,4.84,83.03,1013.89,16.84,4.84
1172,4.84,83.03,1013.91,16.84,4.84
1173,4.84,83.04,1013.91,16.84,4.84
1174,4.83,83.03,1013.94,16.83,4.83
1175,4.83,83.04,1013.92,16.83,4.83
1176,4.83,83.04,1013.9,16.83,4.83
1177,4.84,83.04,1013.88,16.84,4.84
1178,4.83,83.05,1013.9,16.83,4.83
1179,4.83,83.05,1013.89,16.83,4.83
1180,4.83,83.05,1013.94,16.83,4.83
1181,4.83,83.05,1013.88,16.83,4.83
1182,4.83,83.05,1013.89,16.83,4.83
1183,4.83,83.05,1013.98,16.83,4.83
1184,4.83,83.06,1014,16.83,4.83
1185,4.83,83.07,1014.01,16.83,4.83
1186,4.83,83.07,1014,16.83,4.83
1187,4.84,83.07,1014.03,16.84,4.84
1188,4.83,83.07,1014.04,16.83,4.83
1189,4.83,83.08,1014.05,16.83,4.83
1190,4.83,83.08,1014.05,16.83,4.83
1191,4.83,83.08,1014.06,16.83,4.83
1192,4.83,83.08,1014.07,16.83,4.83
1193,4.83,83.08,1014.05,16.83,4.83
1194,4.83,83.08,1014.04,16.83,4.83
1195,4.83,83.09,1014.04,16.83,4.83
1196,4.83,83.09,1014.06,16.83,4.83
1197,4.83,83.09,1014.09,16.83,4.83
1198,4.83,83.09,1014.05,16.83,4.83
1199,4.83,83.09,1014.13,16.83,4.83
1200,4.83,83.09,1014.18,16.83,4.83
1201,4.83,83.1,1014.19,16.83,4.83
1202,4.83,83.1,1014.13,16.83,4.83
1203,4.83,83.1,1014.11,16.83,4.83
1204,4.83,83.1,1014.11,16.83,4.83
1205,4.83,83.1,1014.15,16.83,4.83
1206,4.83,83.11,1014.13,16.83,4.83
1207,4.83,83.11,1014.1,16.83,4.83
1208,4.82,83.11,1014.16,16.82,4.82
1209,4.83,83.11,1014.18,16.83,4.83
1210,4.83,83.11,1014.16,16.83,4.83
1211,4.83,83.11,1014.14,16.83,4.83
1212,4.83,83.11,1014.11,16.83,4.83
1213,4.83,83.12,1014.12,16.83,4.83
1214,4.83,83.12,1014.16,16.83,4.83
1215,4.83,83.12,1014.18,16.83,4.83
1216,4.82,83.12,1014.17,16.82,4.82
1217,4.83,83.14,1014.16,16.83,4.83
1218,4.82,83.14,1014.17,16.82,4.82
1219,4.82,83.14,1014.19,16.82,4.82
1220,4.82,83.14,1014.17,16.82,4.82
1221,4.83,83.14,1014.18,16.83,4.83
1222,4.83,83.15,1014.17,16.83,4.83
1223,4.83,83.15,1014.18,16.83,4.83
1224,4.82,83.15,1014.18,16.82,4.82
1225,4.82,83.15,1014.15,16.82,4.82
1226,4.83,83.16,1014.19,16.83,4.83
1227,4.82,83.15,1014.14,16.82,4.82
1228,4.82,83.16,1014.17,16.82,4.82
1229,4.82,83.16,1014.13,16.82,4.82
1230,4.83,83.16,1014.13,16.83,4.83
1231,4.83,83.16,1014.13,16.83,4.83
1232,4.82,83.16,1014.12,16.82,4.82
1233,4.82,83.16,1014.11,16.82,4.82
1234,4.82,83.17,1014.13,16.82,4.82
1235,4.82,83.17,1014.13,16.82,4.82
1236,4.82,83.17,1014.16,16.82,4.82
1237,4.82,83.17,1014.1,16.82,4.82
1238,4.82,83.18,1014.08,16.82,4.82
1239,4.82,83.18,1014.16,16.82,4.82
1240,4.82,83.19,1014.11,16.82,4.82
1241,4.83,83.19,1014.12,16.83,4.83
1242,4.82,83.19,1014.08,16.82,4.82
1243,4.82,83.19,1014.14,16.82,4.82
1244,4.82,83.19,1014.09,16.82,4.82
1245,4.82,83.2,1014.08,16.82,4.82
1246,4.82,83.19,1014.06,16.82,4.82
1247,4.82,83.2,1014.09,16.82,4.82
1248,4.82,83.2,1014.1,16.82,4.82
1249,4.82,83.2,1014.13,16.82,4.82
1250,4.81,83.2,1014.11,16.81,4.81
1251,4.82,83.21,1014.13,16.82,4.82
1252,4.82,83.21,1014.13,16.82,4.82
1253,4.81,83.21,1014.12,16.81,4.81
1254,4.82,83.21,1014.09,16.82,4.82
1255,4.82,83.21,1014.1,16.82,4.82
1256,4.82,83.21,1014.11,16.82,4.82
1257,4.83,83.22,1014.16,16.83,4.83
1258,4.82,83.22,1014.17,16.82,4.82
1259,4.82,83.22,1014.12,16.82,4.82
1260,4.82,83.22,1014.1,16.82,4.82
1261,4.82,83.22,1014.13,16.82,4.82
1262,4.81,83.22,1014.11,16.81,4.81
1263,4.82,83.22,1014.14,16.82,4.82
1264,4.82,83.22,1014.19,16.82,4.82
1265,4.81,83.23,1014.17,16.81,4.81
1266,4.82,83.23,1014.11,16.82,4.82
1267,4.81,83.23,1014.11,16.81,4.81
1268,4.81,83.23,1014.14,16.81,4.81
1269,4.81,83.24,1014.16,16.81,4.81
1270,4.82,83.23,1014.15,16.82,4.82
1271,4.82,83.24,1014.13,16.82,4.82
1272,4.81,83.24,1014.19,16.81,4.81
1273,4.82,83.24,1014.12,16.82,4.82
1274,4.81,83.24,1014.15,16.81,4.81
1275,4.81,83.24,1014.18,16.81,4.81
1276,4.82,83.24,1014.17,16.82,4.82
1277,4.81,83.24,1014.16,16.81,4.81
1278,4.81,83.25,1014.16,16.81,4.81
1279,4.81,83.25,1014.2,16.81,4.81
1280,4.82,83.25,1014.22,16.82,4.82
1281,4.81,83.25,1014.19,16.81,4.81
1282,4.81,83.25,1014.23,16.81,4.81
1283,4.82,83.26,1014.25,16.82,4.82
1284,4.82,83.26,1014.29,16.82,4.82
1285,4.81,83.27,1014.27,16.81,4.81
1286,4.82,83.27,1014.22,16.82,4.82
1287,4.81,83.26,1014.25,16.81,4.81
1288,4.81,83.29,1014.3,16.81,4.81
1289,4.81,83.29,1014.27,16.81,4.81
1290,4.81,83.29,1014.25,16.81,4.81
1291,4.82,83.29,1014.29,16.82,4.82
1292,4.81,83.29,1014.29,16.81,4.81
1293,4.81,83.29,1014.33,16.81,4.81
1294,4.81,83.29,1014.29,16.81,4.81
1295,4.81,83.31,1014.31,16.81,4.81
1296,4.81,83.3,1014.29,16.81,4.81
1297,4.82,83.31,1014.32,16.82,4.82
1298,4.82,83.31,1014.31,16.82,4.82
1299,4.81,83.32,1014.32,16.81,4.81
1300,4.81,83.32,1014.36,16.81,4.81
1301,4.81,83.32,1014.37,16.81,4.81
1302,4.81,83.33,1014.35,16.81,4.81
1303,4.81,83.32,1014.33,16.81,4.81
1304,4.81,83.32,1014.35,16.81,4.81
1305,4.81,83.32,1014.33,16.81,4.81
1306,4.82,83.33,1014.31,16.82,4.82
1307,4.81,83.32,1014.32,16.81,4.81
1308,4.81,83.33,1014.35,16.81,4.81
1309,4.81,83.33,1014.35,16.81,4.81
1310,4.81,83.34,1014.4,16.81,4.81
1311,4.81,83.34,1014.4,16.81,4.81
1312,4.81,83.35,1014.36,16.81,4.81
1313,4.81,83.34,1014.32,16.81,4.81
1314,4.82,83.35,1014.33,16.82,4.82
1315,4.81,83.34,1014.32,16.81,4.81
1316,4.81,83.34,1014.3,16.81,4.81
1317,4.81,83.34,1014.27,16.81,4.81
1318,4.81,83.34,1014.24,16.81,4.81
1319,4.81,83.34,1014.28,16.81,4.81
1320,4.81,83.34,1014.3,16.81,4.81
1321,4.81,83.35,1014.33,16.81,4.81
1322,4.81,83.35,1014.35,16.81,4.81
1323,4.81,83.35,1014.29,16.81,4.81
1324,4.81,83.36,1014.32,16.81,4.81
1325,4.81,83.35,1014.29,16.81,4.81
1326,4.82,83.36,1014.29,16.82,4.82
1327,4.8,83.35,1014.3,16.8,4.8
1328,4.81,83.35,1014.26,16.81,4.81
1329,4.81,83.36,1014.29,16.81,4.81
1330,4.81,83.37,1014.29,16.81,4.81
1331,4.81,83.37,1014.31,16.81,4.81
1332,4.81,83.37,1014.3,16.81,4.81
1333,4.81,83.34,1014.31,16.81,4.81
1334,4.8,83.36,1014.24,16.8,4.8
1335,4.8,83.37,1014.27,16.8,4.8
1336,4.81,83.37,1014.26,16.81,4.81
1337,4.81,83.38,1014.27,16.81,4.81
1338,4.8,83.38,1014.27,16.8,4.8
1339,4.8,83.38,1014.24,16.8,4.8
1340,4.81,83.38,1014.28,16.81,4.81
1341,4.81,83.38,1014.3,16.81,4.81
1342,4.81,83.38,1014.27,16.81,4.81
1343,4.8,83.38,1014.27,16.8,4.8
1344,4.81,83.4,1014.3,16.81,4.81
1345,4.81,83.39,1014.3,16.81,4.81
1346,4.81,83.39,1014.3,16.81,4.81
1347,4.81,83.39,1014.33,16.81,4.81
1348,4.8,83.39,1014.34,16.8,4.8
1349,4.8,83.39,1014.32,16.8,4.8
1350,4.81,83.39,1014.29,16.81,4.81
1351,4.81,83.39,1014.34,16.81,4.81
1352,4.81,83.4,1014.3,16.81,4.81
1353,4.81,83.39,1014.31,16.81,4.81
1354,4.81,83.41,1014.3,16.81,4.81
1355,4.8,83.4,1014.35,16.8,4.8
1356,4.81,83.41,1014.39,16.81,4.81
1357,4.81,83.41,1014.35,16.81,4.81
1358,4.81,83.4,1014.33,16.81,4.81
1359,4.8,83.4,1014.32,16.8,4.8
1360,4.8,83.4,1014.33,16.8,4.8
1361,4.8,83.4,1014.35,16.8,4.8
1362,4.8,83.4,1014.35,16.8,4.8
1363,4.8,83.42,1014.35,16.8,4.8
1364,4.79,83.42,1014.34,16.79,4.79
1365,4.79,83.42,1014.38,16.79,4.79
1366,4.8,83.42,1014.4,16.8,4.8
1367,4.8,83.42,1014.4,16.8,4.8
1368,4.8,83.42,1014.39,16.8,4.8
1369,4.8,83.42,1014.42,16.8,4.8
1370,4.79,83.42,1014.4,16.79,4.79
1371,4.79,83.42,1014.4,16.79,4.79
1372,4.79,83.42,1014.42,16.79,4.79
1373,4.79,83.43,1014.43,16.79,4.79
1374,4.8,83.42,1014.46,16.8,4.8
1375,4.8,83.42,1014.46,16.8,4.8
1376,4.79,83.42,1014.5,16.79,4.79
1377,4.8,83.44,1014.47,16.8,4.8
1378,4.81,83.44,1014.47,16.81,4.81
1379,4.8,83.44,1014.46,16.8,4.8
1380,4.79,83.43,1014.45,16.79,4.79
1381,4.8,83.44,1014.46,16.8,4.8
1382,4.79,83.44,1014.46,16.79,4.79
1383,4.79,83.44,1014.48,16.79,4.79
1384,4.79,83.44,1014.49,16.79,4.79
1385,4.79,83.44,1014.47,16.79,4.79
1386,4.79,83.44,1014.53,16.79,4.79
1387,4.79,83.44,1014.48,16.79,4.79
1388,4.79,83.44,1014.42,16.79,4.79
1389,4.8,83.45,1014.48,16.8,4.8
1390,4.79,83.45,1014.47,16.79,4.79
1391,4.8,83.45,1014.52,16.8,4.8
1392,4.79,83.45,1014.51,16.79,4.79
1393,4.79,83.45,1014.56,16.79,4.79
1394,4.79,83.45,1014.57,16.79,4.79
1395,4.79,83.46,1014.55,16.79,4.79
1396,4.79,83.45,1014.55,16.79,4.79
1397,4.79,83.46,1014.51,16.79,4.79
1398,4.78,83.45,1014.47,16.78,4.78
1399,4.79,83.46,1014.5,16.79,4.79
1400,4.79,83.46,1014.56,16.79,4.79
1401,4.78,83.46,1014.54,16.78,4.78
1402,4.79,83.46,1014.59,16.79,4.79
1403,4.79,83.47,1014.62,16.79,4.79
1404,4.79,83.46,1014.56,16.79,4.79
1405,4.78,83.47,1014.55,16.78,4.78
1406,4.79,83.47,1014.56,16.79,4.79
1407,4.78,83.47,1014.59,16.78,4.78
1408,4.78,83.47,1014.65,16.78,4.78
1409,4.78,83.47,1014.63,16.78,4.78
1410,4.78,83.47,1014.62,16.78,4.78
1411,4.78,83.47,1014.61,16.78,4.78
1412,4.78,83.48,1014.58,16.78,4.78
1413,4.79,83.49,1014.62,16.79,4.79
1414,4.78,83.48,1014.64,16.78,4.78
1415,4.78,83.49,1014.62,16.78,4.78
1416,4.78,83.48,1014.66,16.78,4.78
1417,4.78,83.49,1014.65,16.78,4.78
1418,4.78,83.49,1014.67,16.78,4.78
1419,4.78,83.49,1014.68,16.78,4.78
1420,4.78,83.49,1014.63,16.78,4.78
1421,4.78,83.49,1014.67,16.78,4.78
1422,4.78,83.49,1014.65,16.78,4.78
1423,4.78,83.49,1014.64,16.78,4.78
1424,4.78,83.49,1014.69,16.78,4.78
1425,4.77,83.49,1014.6,16.77,4.77
1426,4.78,83.5,1014.67,16.78,4.78
1427,4.78,83.5,1014.68,16.78,4.78
1428,4.78,83.5,1014.67,16.78,4.78
1429,4.78,83.5,1014.64,16.78,4.78
1430,4.78,83.5,1014.64,16.78,4.78
1431,4.78,83.5,1014.64,16.78,4.78
1432,4.78,83.51,1014.64,16.78,4.78
1433,4.78,83.5,1014.66,16.78,4.78
1434,4.78,83.51,1014.63,16.78,4.78
1435,4.78,83.51,1014.63,16.78,4.78
1436,4.78,83.51,1014.64,16.78,4.78
1437,4.78,83.51,1014.63,16.78,4.78
1438,4.78,83.51,1014.65,16.78,4.78
1439,4.78,83.52,1014.61,16.78,4.78
1440,4.78,83.52,1014.59,16.78,4.78
1441,4.78,83.51,1014.64,16.78,4.78
1442,4.77,83.52,1014.64,16.77,4.77
1443,4.77,83.52,1014.64,16.77,4.77
1444,4.77,83.52,1014.59,16.77,4.77
1445,4.78,83.52,1014.63,16.78,4.78
1446,4.78,83.52,1014.65,16.78,4.78
1447,4.78,83.53,1014.64,16.78,4.78
1448,4.77,83.53,1014.65,16.77,4.77
1449,4.78,83.53,1014.63,16.78,4.78
1450,4.77,83.53,1014.66,16.77,4.77
1451,4.78,83.53,1014.71,16.78,4.78
1452,4.77,83.53,1014.67,16.77,4.77
1453,4.78,83.53,1014.67,16.78,4.78
1454,4.78,83.54,1014.66,16.78,4.78
1455,4.77,83.54,1014.66,16.77,4.77
1456,4.78,83.54,1014.68,16.78,4.78
1457,4.78,83.54,1014.67,16.78,4.78
1458,4.78,83.54,1014.66,16.78,4.78
1459,4.77,83.54,1014.63,16.77,4.77
1460,4.77,83.54,1014.66,16.77,4.77
1461,4.77,83.55,1014.63,16.77,4.77
1462,4.77,83.55,1014.64,16.77,4.77
1463,4.77,83.55,1014.64,16.77,4.77
1464,4.77,83.55,1014.67,16.77,4.77
1465,4.77,83.55,1014.66,16.77,4.77
1466,4.77,83.56,1014.64,16.77,4.77
1467,4.77,83.56,1014.65,16.77,4.77
1468,4.77,83.56,1014.68,16.77,4.77
1469,4.77,83.56,1014.68,16.77,4.77
1470,4.77,83.56,1014.64,16.77,4.77
1471,4.77,83.56,1014.59,16.77,4.77
1472,4.77,83.57,1014.6,16.77,4.77
1473,4.77,83.57,1014.59,16.77,4.77
1474,4.77,83.56,1014.61,16.77,4.77
1475,4.77,83.57,1014.61,16.77,4.77
1476,4.77,83.58,1014.66,16.77,4.77
1477,4.77,83.57,1014.61,16.77,4.77
1478,4.77,83.58,1014.54,16.77,4.77
1479,4.77,83.58,1014.57,16.77,4.77
1480,4.76,83.58,1014.55,16.76,4.76
1481,4.76,83.58,1014.52,16.76,4.76
1482,4.77,83.58,1014.59,16.77,4.77
1483,4.76,83.58,1014.62,16.76,4.76
1484,4.76,83.59,1014.62,16.76,4.76
1485,4.76,83.59,1014.6,16.76,4.76
1486,4.76,83.59,1014.58,16.76,4.76
1487,4.77,83.59,1014.64,16.77,4.77
1488,4.77,83.59,1014.63,16.77,4.77
1489,4.76,83.6,1014.62,16.76,4.76
1490,4.76,83.6,1014.62,16.76,4.76
1491,4.77,83.61,1014.63,16.77,4.77
1492,4.76,83.61,1014.65,16.76,4.76
1493,4.76,83.61,1014.67,16.76,4.76
1494,4.76,83.61,1014.65,16.76,4.76
1495,4.77,83.61,1014.68,16.77,4.77
1496,4.77,83.62,1014.66,16.77,4.77
1497,4.76,83.64,1014.66,16.76,4.76
1498,4.75,83.65,1014.69,16.75,4.75
1499,4.76,83.66,1014.69,16.76,4.76
1500,4.76,83.67,1014.67,16.76,4.76
1501,4.76,83.68,1014.73,16.76,4.76
1502,4.76,83.68,1014.75,16.76,4.76
1503,4.76,83.68,1014.76,16.76,4.76
1504,4.76,83.68,1014.78,16.76,4.76
1505,4.76,83.68,1014.72,16.76,4.76
1506,4.76,83.68,1014.73,16.76,4.76
1507,4.76,83.7,1014.72,16.76,4.76
1508,4.76,83.7,1014.75,16.76,4.76
1509,4.76,83.7,1014.76,16.76,4.76
1510,4.76,83.7,1014.75,16.76,4.76
1511,4.76,83.7,1014.75,16.76,4.76
1512,4.76,83.7,1014.77,16.76,4.76
1513,4.76,83.71,1014.81,16.76,4.76
1514,4.77,83.71,1014.81,16.77,4.77
1515,4.76,83.71,1014.81,16.76,4.76
1516,4.76,83.71,1014.8,16.76,4.76
1517,4.76,83.71,1014.79,16.76,4.76
1518,4.76,83.71,1014.84,16.76,4.76
1519,4.77,83.71,1014.84,16.77,4.77
1520,4.76,83.72,1014.79,16.76,4.76
1521,4.76,83.72,1014.8,16.76,4.76
1522,4.76,83.72,1014.79,16.76,4.76
1523,4.76,83.72,1014.79,16.76,4.76
1524,4.76,83.72,1014.78,16.76,4.76
1525,4.76,83.72,1014.82,16.76,4.76
1526,4.76,83.72,1014.83,16.76,4.76
1527,4.76,83.73,1014.81,16.76,4.76
1528,4.76,83.73,1014.76,16.76,4.76
1529,4.75,83.72,1014.79,16.75,4.75
1530,4.76,83.73,1014.81,16.76,4.76
1531,4.76,83.73,1014.8,16.76,4.76
1532,4.76,83.73,1014.82,16.76,4.76
1533,4.75,83.72,1014.79,16.75,4.75
1534,4.76,83.73,1014.8,16.76,4.76
1535,4.75,83.72,1014.81,16.75,4.75
1536,4.76,83.74,1014.82,16.76,4.76
1537,4.75,83.73,1014.83,16.75,4.75
1538,4.75,83.72,1014.82,16.75,4.75
1539,4.75,83.73,1014.83,16.75,4.75
1540,4.75,83.73,1014.85,16.75,4.75
1541,4.76,83.74,1014.88,16.76,4.76
1542,4.75,83.73,1014.85,16.75,4.75
1543,4.75,83.75,1014.82,16.75,4.75
1544,4.75,83.75,1014.82,16.75,4.75
1545,4.75,83.75,1014.9,16.75,4.75
1546,4.74,83.74,1014.87,16.74,4.74
1547,4.75,83.75,1014.88,16.75,4.75
1548,4.75,83.75,1014.84,16.75,4.75
1549,4.75,83.77,1014.88,16.75,4.75
1550,4.75,83.75,1014.85,16.75,4.75
1551,4.75,83.75,1014.85,16.75,4.75
1552,4.75,83.74,1014.83,16.75,4.75
1553,4.75,83.75,1014.84,16.75,4.75
1554,4.75,83.75,1014.86,16.75,4.75
1555,4.75,83.75,1014.84,16.75,4.75
1556,4.75,83.75,1014.83,16.75,4.75
1557,4.75,83.75,1014.83,16.75,4.75
1558,4.75,83.75,1014.82,16.75,4.75
1559,4.75,83.75,1014.86,16.75,4.75
1560,4.75,83.75,1014.84,16.75,4.75
1561,4.75,83.75,1014.87,16.75,4.75
1562,4.75,83.75,1014.8,16.75,4.75
1563,4.75,83.77,1014.85,16.75,4.75
1564,4.75,83.77,1014.9,16.75,4.75
1565,4.75,83.77,1014.89,16.75,4.75
1566,4.75,83.76,1014.84,16.75,4.75
1567,4.75,83.77,1014.85,16.75,4.75
1568,4.74,83.76,1014.87,16.74,4.74
1569,4.75,83.76,1014.87,16.75,4.75
1570,4.74,83.77,1014.91,16.74,4.74
1571,4.75,83.78,1014.9,16.75,4.75
1572,4.74,83.77,1014.91,16.74,4.74
1573,4.75,83.77,1014.94,16.75,4.75
1574,4.74,83.77,1014.89,16.74,4.74
1575,4.74,83.77,1014.91,16.74,4.74
1576,4.75,83.78,1014.89,16.75,4.75
1577,4.75,83.77,1014.89,16.75,4.75
1578,4.74,83.78,1014.89,16.74,4.74
1579,4.74,83.78,1014.95,16.74,4.74
1580,4.74,83.78,1014.9,16.74,4.74
1581,4.75,83.79,1014.99,16.75,4.75
1582,4.75,83.79,1014.97,16.75,4.75
1583,4.75,83.78,1014.94,16.75,4.75
1584,4.74,83.78,1014.94,16.74,4.74
1585,4.75,83.78,1014.91,16.75,4.75
1586,4.74,83.78,1014.9,16.74,4.74
1587,4.74,83.79,1014.93,16.74,4.74
1588,4.74,83.78,1014.94,16.74,4.74
1589,4.75,83.79,1014.99,16.75,4.75
1590,4.73,83.79,1014.96,16.73,4.73
1591,4.74,83.79,1014.98,16.74,4.74
1592,4.74,83.79,1014.96,16.74,4.74
1593,4.74,83.79,1014.98,16.74,4.74
1594,4.74,83.79,1014.95,16.74,4.74
1595,4.74,83.79,1014.96,16.74,4.74
1596,4.74,83.79,1014.95,16.74,4.74
1597,4.74,83.79,1014.95,16.74,4.74
1598,4.74,83.79,1014.97,16.74,4.74
1599,4.73,83.8,1014.95,16.73,4.73
1600,4.73,83.8,1014.93,16.73,4.73
1601,4.74,83.8,1014.95,16.74,4.74
1602,4.74,83.8,1015.01,16.74,4.74
1603,4.74,83.8,1014.97,16.74,4.74
1604,4.73,83.8,1014.99,16.73,4.73
1605,4.73,83.8,1015,16.73,4.73
1606,4.73,83.8,1014.97,16.73,4.73
1607,4.74,83.81,1015.01,16.74,4.74
1608,4.74,83.81,1014.98,16.74,4.74
1609,4.73,83.81,1014.99,16.73,4.73
1610,4.74,83.81,1015.03,16.74,4.74
1611,4.74,83.81,1015.02,16.74,4.74
1612,4.73,83.81,1015.01,16.73,4.73
1613,4.73,83.81,1015.01,16.73,4.73
1614,4.74,83.81,1015.01,16.74,4.74
1615,4.73,83.83,1014.99,16.73,4.73
1616,4.74,83.83,1015.01,16.74,4.74
1617,4.73,83.82,1014.99,16.73,4.73
1618,4.73,83.82,1014.99,16.73,4.73
1619,4.73,83.83,1014.96,16.73,4.73
1620,4.74,83.83,1014.96,16.74,4.74
1621,4.73,83.83,1014.96,16.73,4.73
1622,4.74,83.84,1015.02,16.74,4.74
1623,4.73,83.84,1014.93,16.73,4.73
1624,4.73,83.83,1014.98,16.73,4.73
1625,4.73,83.83,1014.98,16.73,4.73
1626,4.73,83.84,1015,16.73,4.73
1627,4.74,83.85,1015,16.74,4.74
1628,4.74,83.85,1015.02,16.74,4.74
1629,4.73,83.84,1014.98,16.73,4.73
1630,4.73,83.84,1014.99,16.73,4.73
1631,4.73,83.85,1014.94,16.73,4.73
1632,4.73,83.84,1014.98,16.73,4.73
1633,4.73,83.84,1014.97,16.73,4.73
1634,4.74,83.86,1015,16.74,4.74
1635,4.74,83.86,1015.01,16.74,4.74
1636,4.73,83.85,1015.06,16.73,4.73
1637,4.73,83.85,1015.07,16.73,4.73
1638,4.73,83.85,1015.02,16.73,4.73
1639,4.73,83.86,1015.03,16.73,4.73
1640,4.73,83.86,1015,16.73,4.73
1641,4.73,83.85,1014.96,16.73,4.73
1642,4.73,83.85,1014.94,16.73,4.73
1643,4.73,83.86,1014.99,16.73,4.73
1644,4.73,83.86,1014.99,16.73,4.73
1645,4.73,83.86,1014.99,16.73,4.73
1646,4.73,83.86,1014.99,16.73,4.73
1647,4.73,83.86,1015.01,16.73,4.73
1648,4.73,83.87,1015.03,16.73,4.73
1649,4.73,83.86,1015.04,16.73,4.73
1650,4.73,83.87,1015.07,16.73,4.73
1651,4.73,83.87,1015.04,16.73,4.73
1652,4.72,83.88,1015.01,16.72,4.72
1653,4.73,83.87,1015,16.73,4.73
1654,4.73,83.87,1015,16.73,4.73
1655,4.72,83.88,1014.98,16.72,4.72
1656,4.73,83.88,1014.99,16.73,4.73
1657,4.73,83.88,1014.96,16.73,4.73
1658,4.73,83.88,1014.96,16.73,4.73
1659,4.73,83.87,1014.99,16.73,4.73
1660,4.73,83.88,1015.04,16.73,4.73
1661,4.72,83.88,1015.01,16.72,4.72
1662,4.72,83.89,1015,16.72,4.72
1663,4.72,83.89,1015.03,16.72,4.72
1664,4.72,83.89,1014.98,16.72,4.72
1665,4.73,83.9,1015.02,16.73,4.73
1666,4.73,83.9,1015,16.73,4.73
1667,4.73,83.9,1015.01,16.73,4.73
1668,4.73,83.88,1015,16.73,4.73
1669,4.72,83.9,1015.01,16.72,4.72
1670,4.73,83.9,1014.98,16.73,4.73
1671,4.73,83.9,1015.01,16.73,4.73
1672,4.73,83.91,1015.03,16.73,4.73
1673,4.72,83.9,1015.06,16.72,4.72
1674,4.73,83.91,1015.09,16.73,4.73
1675,4.72,83.9,1015.05,16.72,4.72
1676,4.72,83.9,1015.05,16.72,4.72
1677,4.72,83.9,1015.07,16.72,4.72
1678,4.72,83.9,1015.06,16.72,4.72
1679,4.72,83.9,1015.01,16.72,4.72
1680,4.72,83.91,1015.05,16.72,4.72
1681,4.72,83.91,1015.06,16.72,4.72
1682,4.72,83.9,1015.06,16.72,4.72
1683,4.72,83.91,1015.03,16.72,4.72
1684,4.73,83.91,1015.01,16.73,4.73
1685,4.72,83.91,1014.99,16.72,4.72
1686,4.72,83.91,1015.03,16.72,4.72
1687,4.72,83.91,1015.05,16.72,4.72
1688,4.72,83.91,1014.97,16.72,4.72
1689,4.72,83.92,1015.02,16.72,4.72
1690,4.72,83.93,1015.05,16.72,4.72
1691,4.72,83.92,1015.08,16.72,4.72
1692,4.72,83.92,1015.05,16.72,4.72
1693,4.73,83.93,1015.04,16.73,4.73
1694,4.73,83.92,1015.1,16.73,4.73
1695,4.73,83.92,1015.09,16.73,4.73
1696,4.72,83.92,1015.06,16.72,4.72
1697,4.72,83.92,1015.06,16.72,4.72
1698,4.73,83.93,1015.1,16.73,4.73
1699,4.73,83.94,1015.1,16.73,4.73
1700,4.72,83.93,1015.07,16.72,4.72
1701,4.72,83.93,1015.08,16.72,4.72
1702,4.72,83.93,1015.07,16.72,4.72
1703,4.73,83.94,1015.08,16.73,4.73
1704,4.72,83.93,1015.07,16.72,4.72
1705,4.72,83.93,1015.05,16.72,4.72
1706,4.73,83.94,1015.1,16.73,4.73
1707,4.72,83.93,1015.04,16.72,4.72
1708,4.72,83.93,1015.05,16.72,4.72
1709,4.72,83.93,1015.12,16.72,4.72
1710,4.72,83.95,1015.15,16.72,4.72
1711,4.72,83.95,1015.07,16.72,4.72
1712,4.72,83.93,1015.09,16.72,4.72
1713,4.72,83.95,1015.08,16.72,4.72
1714,4.71,83.94,1015.06,16.71,4.71
1715,4.72,83.95,1015.09,16.72,4.72
1716,4.72,83.95,1015.02,16.72,4.72
1717,4.72,83.95,1014.99,16.72,4.72
1718,4.72,83.95,1014.98,16.72,4.72
1719,4.72,83.95,1014.98,16.72,4.72
1720,4.72,83.95,1015.02,16.72,4.72
1721,4.72,83.96,1015.02,16.72,4.72
1722,4.72,83.95,1015,16.72,4.72
1723,4.72,83.96,1015.07,16.72,4.72
1724,4.72,83.96,1015.03,16.72,4.72
1725,4.72,83.96,1015.03,16.72,4.72
1726,4.71,83.96,1015.05,16.71,4.71
1727,4.71,83.96,1015.1,16.71,4.71
1728,4.72,83.96,1015.11,16.72,4.72
1729,4.72,83.97,1015.11,16.72,4.72
1730,4.71,83.97,1015.08,16.71,4.71
1731,4.72,83.97,1015.08,16.72,4.72
1732,4.71,83.96,1015.11,16.71,4.71
1733,4.72,83.97,1015.13,16.72,4.72
1734,4.72,83.97,1015.11,16.72,4.72
1735,4.72,83.98,1015.13,16.72,4.72
1736,4.72,83.97,1015.1,16.72,4.72
1737,4.72,83.98,1015.09,16.72,4.72
1738,4.72,83.97,1015.08,16.72,4.72
1739,4.72,83.98,1015.18,16.72,4.72
1740,4.72,83.98,1015.16,16.72,4.72
1741,4.72,83.98,1015.16,16.72,4.72
1742,4.72,83.98,1015.17,16.72,4.72
1743,4.72,83.98,1015.19,16.72,4.72
1744,4.71,83.98,1015.17,16.71,4.71
1745,4.71,83.98,1015.15,16.71,4.71
1746,4.71,83.98,1015.15,16.71,4.71
1747,4.72,83.99,1015.19,16.72,4.72
1748,4.72,83.98,1015.19,16.72,4.72
1749,4.72,83.99,1015.21,16.72,4.72
1750,4.72,83.99,1015.23,16.72,4.72
1751,4.72,83.99,1015.18,16.72,4.72
1752,4.71,83.98,1015.19,16.71,4.71
1753,4.72,83.99,1015.23,16.72,4.72
1754,4.72,83.99,1015.26,16.72,4.72
1755,4.72,83.99,1015.22,16.72,4.72
1756,4.72,84,1015.22,16.72,4.72
1757,4.72,83.99,1015.2,16.72,4.72
1758,4.72,84,1015.22,16.72,4.72
1759,4.71,83.98,1015.19,16.71,4.71
1760,4.72,84,1015.21,16.72,4.72
1761,4.73,84,1015.36,16.73,4.73
1762,4.72,84,1015.32,16.72,4.72
1763,4.72,84,1015.32,16.72,4.72
1764,4.72,84.01,1015.32,16.72,4.72
1765,4.72,84,1015.32,16.72,4.72
1766,4.72,84.01,1015.33,16.72,4.72
1767,4.71,83.99,1015.37,16.71,4.71
1768,4.71,83.99,1015.29,16.71,4.71
1769,4.71,83.99,1015.29,16.71,4.71
1770,4.71,84.01,1015.33,16.71,4.71
1771,4.71,84.01,1015.37,16.71,4.71
1772,4.72,84.01,1015.38,16.72,4.72
1773,4.71,84,1015.33,16.71,4.71
1774,4.72,84.01,1015.37,16.72,4.72
1775,4.71,84.01,1015.35,16.71,4.71
1776,4.71,84.02,1015.36,16.71,4.71
1777,4.71,84,1015.33,16.71,4.71
1778,4.72,84.01,1015.37,16.72,4.72
1779,4.72,84.02,1015.39,16.72,4.72
1780,4.72,84.02,1015.37,16.72,4.72
1781,4.72,84.02,1015.37,16.72,4.72
1782,4.71,84.02,1015.38,16.71,4.71
1783,4.72,84.02,1015.39,16.72,4.72
1784,4.72,84.01,1015.39,16.72,4.72
1785,4.72,84.02,1015.35,16.72,4.72
1786,4.72,84.02,1015.38,16.72,4.72
1787,4.71,84.02,1015.38,16.71,4.71
1788,4.71,84.02,1015.4,16.71,4.71
1789,4.71,84.02,1015.34,16.71,4.71
1790,4.71,84.03,1015.37,16.71,4.71
1791,4.72,84.03,1015.41,16.72,4.72
1792,4.71,84.03,1015.42,16.71,4.71
1793,4.71,84.03,1015.42,16.71,4.71
1794,4.72,84.03,1015.4,16.72,4.72
1795,4.72,84.03,1015.41,16.72,4.72
1796,4.71,84.03,1015.42,16.71,4.71
1797,4.72,84.03,1015.35,16.72,4.72
1798,4.71,84.03,1015.4,16.71,4.71
1799,4.71,84.03,1015.38,16.71,4.71
1800,4.71,84.03,1015.36,16.71,4.71
1801,4.71,84.03,1015.35,16.71,4.71
1802,4.71,84.04,1015.32,16.71,4.71
1803,4.71,84.04,1015.31,16.71,4.71
1804,4.71,84.04,1015.37,16.71,4.71
1805,4.71,84.04,1015.32,16.71,4.71
1806,4.7,84.03,1015.36,16.7,4.7
1807,4.71,84.04,1015.37,16.71,4.71
1808,4.7,84.03,1015.36,16.7,4.7
1809,4.71,84.04,1015.42,16.71,4.71
1810,4.7,84.03,1015.36,16.7,4.7
1811,4.71,84.05,1015.37,16.71,4.71
1812,4.71,84.04,1015.39,16.71,4.71
1813,4.71,84.05,1015.38,16.71,4.71
1814,4.71,84.05,1015.38,16.71,4.71
1815,4.7,84.04,1015.36,16.7,4.7
1816,4.71,84.05,1015.41,16.71,4.71
1817,4.71,84.05,1015.43,16.71,4.71
1818,4.7,84.04,1015.38,16.7,4.7
1819,4.72,84.05,1015.38,16.72,4.72
1820,4.71,84.05,1015.37,16.71,4.71
1821,4.7,84.04,1015.33,16.7,4.7
1822,4.7,84.05,1015.32,16.7,4.7
1823,4.7,84.05,1015.33,16.7,4.7
1824,4.71,84.06,1015.31,16.71,4.71
1825,4.71,84.09,1015.29,16.71,4.71
1826,4.7,84.05,1015.3,16.7,4.7
1827,4.71,84.06,1015.33,16.71,4.71
1828,4.71,84.06,1015.34,16.71,4.71
1829,4.7,84.05,1015.31,16.7,4.7
1830,4.71,84.06,1015.35,16.71,4.71
1831,4.7,84.05,1015.35,16.7,4.7
1832,4.71,84.07,1015.35,16.71,4.71
1833,4.71,84.07,1015.38,16.71,4.71
1834,4.7,84.06,1015.35,16.7,4.7
1835,4.71,84.07,1015.35,16.71,4.71
1836,4.71,84.07,1015.35,16.71,4.71
1837,4.71,84.07,1015.38,16.71,4.71
1838,4.71,84.07,1015.36,16.71,4.71
1839,4.7,84.06,1015.34,16.7,4.7
1840,4.71,84.07,1015.39,16.71,4.71
1841,4.7,84.08,1015.33,16.7,4.7
1842,4.7,84.08,1015.35,16.7,4.7
1843,4.7,84.08,1015.37,16.7,4.7
1844,4.69,84.08,1015.36,16.69,4.69
1845,4.7,84.08,1015.34,16.7,4.7
1846,4.7,84.08,1015.31,16.7,4.7
1847,4.7,84.08,1015.35,16.7,4.7
1848,4.7,84.08,1015.36,16.7,4.7
1849,4.7,84.08,1015.35,16.7,4.7
1850,4.7,84.08,1015.35,16.7,4.7
1851,4.7,84.08,1015.38,16.7,4.7
1852,4.7,84.08,1015.38,16.7,4.7
1853,4.7,84.08,1015.37,16.7,4.7
1854,4.71,84.09,1015.37,16.71,4.71
1855,4.7,84.08,1015.4,16.7,4.7
1856,4.7,84.08,1015.33,16.7,4.7
1857,4.71,84.09,1015.34,16.71,4.71
1858,4.71,84.09,1015.31,16.71,4.71
1859,4.71,84.09,1015.33,16.71,4.71
1860,4.71,84.09,1015.33,16.71,4.71
1861,4.7,84.08,1015.35,16.7,4.7
1862,4.71,84.09,1015.36,16.71,4.71
1863,4.7,84.1,1015.36,16.7,4.7
1864,4.7,84.08,1015.36,16.7,4.7
1865,4.7,84.1,1015.36,16.7,4.7
1866,4.71,84.1,1015.35,16.71,4.71
1867,4.7,84.1,1015.36,16.7,4.7
1868,4.7,84.1,1015.35,16.7,4.7
1869,4.7,84.1,1015.36,16.7,4.7
1870,4.7,84.1,1015.35,16.7,4.7
1871,4.7,84.1,1015.33,16.7,4.7
1872,4.7,84.1,1015.36,16.7,4.7
1873,4.7,84.1,1015.34,16.7,4.7
1874,4.7,84.11,1015.32,16.7,4.7
1875,4.7,84.11,1015.35,16.7,4.7
1876,4.7,84.1,1015.38,16.7,4.7
1877,4.7,84.11,1015.37,16.7,4.7
1878,4.7,84.11,1015.4,16.7,4.7
1879,4.71,84.11,1015.41,16.71,4.71
1880,4.7,84.11,1015.41,16.7,4.7
1881,4.7,84.12,1015.44,16.7,4.7
1882,4.7,84.12,1015.42,16.7,4.7
1883,4.7,84.12,1015.42,16.7,4.7
1884,4.7,84.11,1015.44,16.7,4.7
1885,4.7,84.12,1015.47,16.7,4.7
1886,4.7,84.11,1015.41,16.7,4.7
1887,4.7,84.12,1015.43,16.7,4.7
1888,4.7,84.12,1015.42,16.7,4.7
1889,4.7,84.12,1015.48,16.7,4.7
1890,4.7,84.12,1015.47,16.7,4.7
1891,4.7,84.12,1015.48,16.7,4.7
1892,4.7,84.12,1015.47,16.7,4.7
1893,4.7,84.12,1015.52,16.7,4.7
1894,4.7,84.12,1015.51,16.7,4.7
1895,4.7,84.13,1015.49,16.7,4.7
1896,4.7,84.13,1015.49,16.7,4.7
1897,4.69,84.13,1015.5,16.69,4.69
1898,4.7,84.13,1015.5,16.7,4.7
1899,4.7,84.13,1015.5,16.7,4.7
1900,4.7,84.13,1015.53,16.7,4.7
1901,4.7,84.13,1015.54,16.7,4.7
1902,4.71,84.13,1015.56,16.71,4.71
1903,4.7,84.13,1015.52,16.7,4.7
1904,4.69,84.13,1015.51,16.69,4.69
1905,4.7,84.13,1015.49,16.7,4.7
1906,4.7,84.14,1015.48,16.7,4.7
1907,4.71,84.13,1015.47,16.71,4.71
1908,4.7,84.14,1015.53,16.7,4.7
1909,4.7,84.14,1015.58,16.7,4.7
1910,4.7,84.14,1015.51,16.7,4.7
1911,4.7,84.14,1015.54,16.7,4.7
1912,4.7,84.14,1015.53,16.7,4.7
1913,4.7,84.14,1015.56,16.7,4.7
1914,4.71,84.14,1015.58,16.71,4.71
1915,4.7,84.15,1015.6,16.7,4.7
1916,4.7,84.14,1015.61,16.7,4.7
1917,4.7,84.14,1015.59,16.7,4.7
1918,4.7,84.15,1015.59,16.7,4.7
1919,4.7,84.15,1015.58,16.7,4.7
1920,4.7,84.15,1015.62,16.7,4.7
1921,4.7,84.15,1015.61,16.7,4.7
1922,4.7,84.15,1015.62,16.7,4.7
1923,4.7,84.15,1015.6,16.7,4.7
1924,4.7,84.15,1015.59,16.7,4.7
1925,4.69,84.15,1015.59,16.69,4.69
1926,4.7,84.16,1015.63,16.7,4.7
1927,4.7,84.15,1015.66,16.7,4.7
1928,4.7,84.16,1015.62,16.7,4.7
1929,4.7,84.15,1015.61,16.7,4.7
1930,4.7,84.15,1015.65,16.7,4.7
1931,4.7,84.17,1015.64,16.7,4.7
1932,4.69,84.16,1015.63,16.69,4.69
1933,4.7,84.16,1015.62,16.7,4.7
1934,4.7,84.16,1015.54,16.7,4.7
1935,4.7,84.16,1015.63,16.7,4.7
1936,4.7,84.16,1015.65,16.7,4.7
1937,4.7,84.16,1015.64,16.7,4.7
1938,4.7,84.17,1015.72,16.7,4.7
1939,4.69,84.17,1015.61,16.69,4.69
1940,4.7,84.17,1015.56,16.7,4.7
1941,4.69,84.17,1015.57,16.69,4.69
1942,4.7,84.17,1015.57,16.7,4.7
1943,4.69,84.17,1015.54,16.69,4.69
1944,4.69,84.16,1015.57,16.69,4.69
1945,4.69,84.17,1015.6,16.69,4.69
1946,4.69,84.17,1015.57,16.69,4.69
1947,4.69,84.17,1015.56,16.69,4.69
1948,4.69,84.17,1015.55,16.69,4.69
1949,4.69,84.18,1015.56,16.69,4.69
1950,4.69,84.17,1015.57,16.69,4.69
1951,4.69,84.17,1015.6,16.69,4.69
1952,4.69,84.18,1015.56,16.69,4.69
1953,4.69,84.18,1015.57,16.69,4.69
1954,4.68,84.17,1015.52,16.68,4.68
1955,4.69,84.18,1015.49,16.69,4.69
1956,4.69,84.18,1015.51,16.69,4.69
1957,4.69,84.18,1015.54,16.69,4.69
1958,4.69,84.19,1015.53,16.69,4.69
1959,4.69,84.18,1015.51,16.69,4.69
1960,4.7,84.18,1015.55,16.7,4.7
1961,4.68,84.17,1015.48,16.68,4.68
1962,4.69,84.18,1015.51,16.69,4.69
1963,4.69,84.19,1015.48,16.69,4.69
1964,4.69,84.17,1015.43,16.69,4.69
1965,4.69,84.18,1015.47,16.69,4.69
1966,4.68,84.18,1015.45,16.68,4.68
1967,4.69,84.18,1015.46,16.69,4.69
1968,4.69,84.17,1015.45,16.69,4.69
1969,4.69,84.19,1015.46,16.69,4.69
1970,4.69,84.18,1015.45,16.69,4.69
1971,4.69,84.18,1015.44,16.69,4.69
1972,4.69,84.18,1015.46,16.69,4.69
1973,4.69,84.19,1015.45,16.69,4.69
1974,4.69,84.18,1015.45,16.69,4.69
1975,4.69,84.2,1015.42,16.69,4.69
1976,4.68,84.19,1015.44,16.68,4.68
1977,4.69,84.19,1015.44,16.69,4.69
1978,4.69,84.2,1015.46,16.69,4.69
1979,4.68,84.19,1015.41,16.68,4.68
1980,4.68,84.21,1015.44,16.68,4.68
1981,4.69,84.21,1015.49,16.69,4.69
1982,4.69,84.21,1015.46,16.69,4.69
1983,4.69,84.21,1015.43,16.69,4.69
1984,4.68,84.21,1015.45,16.68,4.68
1985,4.69,84.21,1015.51,16.69,4.69
1986,4.68,84.23,1015.48,16.68,4.68
1987,4.68,84.23,1015.46,16.68,4.68
1988,4.68,84.23,1015.49,16.68,4.68
1989,4.69,84.23,1015.49,16.69,4.69
1990,4.68,84.23,1015.5,16.68,4.68
1991,4.69,84.23,1015.52,16.69,4.69
1992,4.69,84.23,1015.47,16.69,4.69
1993,4.68,84.23,1015.45,16.68,4.68
1994,4.68,84.23,1015.47,16.68,4.68
1995,4.68,84.24,1015.49,16.68,4.68
1996,4.69,84.24,1015.51,16.69,4.69
1997,4.68,84.24,1015.46,16.68,4.68
1998,4.68,84.24,1015.46,16.68,4.68
1999,4.69,84.25,1015.51,16.69,4.69
2000,4.69,84.24,1015.55,16.69,4.69
2001,4.68,84.25,1015.54,16.68,4.68
2002,4.69,84.25,1015.53,16.69,4.69
2003,4.68,84.25,1015.52,16.68,4.68
2004,4.68,84.25,1015.56,16.68,4.68
2005,4.68,84.25,1015.48,16.68,4.68
2006,4.68,84.25,1015.55,16.68,4.68
2007,4.68,84.25,1015.58,16.68,4.68
2008,4.68,84.26,1015.57,16.68,4.68
2009,4.68,84.26,1015.56,16.68,4.68
2010,4.68,84.25,1015.56,16.68,4.68
2011,4.68,84.25,1015.57,16.68,4.68
2012,4.68,84.26,1015.55,16.68,4.68
2013,4.68,84.26,1015.55,16.68,4.68
2014,4.68,84.26,1015.59,16.68,4.68
2015,4.68,84.26,1015.6,16.68,4.68
2016,4.68,84.26,1015.55,16.68,4.68
2017,4.67,84.26,1015.59,16.67,4.67
2018,4.68,84.26,1015.56,16.68,4.68
2019,4.68,84.26,1015.52,16.68,4.68
2020,4.68,84.26,1015.59,16.68,4.68
2021,4.68,84.27,1015.55,16.68,4.68
2022,4.68,84.24,1015.54,16.68,4.68
2023,4.68,84.27,1015.59,16.68,4.68
2024,4.68,84.27,1015.56,16.68,4.68
2025,4.68,84.27,1015.58,16.68,4.68
2026,4.68,84.27,1015.61,16.68,4.68
2027,4.69,84.27,1015.6,16.69,4.69
2028,4.68,84.27,1015.58,16.68,4.68
2029,4.69,84.27,1015.58,16.69,4.69
2030,4.68,84.27,1015.63,16.68,4.68
2031,4.68,84.27,1015.61,16.68,4.68
2032,4.68,84.27,1015.61,16.68,4.68
2033,4.68,84.27,1015.61,16.68,4.68
2034,4.68,84.28,1015.61,16.68,4.68
2035,4.68,84.27,1015.62,16.68,4.68
2036,4.67,84.27,1015.58,16.67,4.67
2037,4.67,84.28,1015.59,16.67,4.67
2038,4.67,84.28,1015.57,16.67,4.67
2039,4.67,84.28,1015.59,16.67,4.67
2040,4.68,84.28,1015.62,16.68,4.68
2041,4.67,84.27,1015.55,16.67,4.67
2042,4.67,84.28,1015.55,16.67,4.67
2043,4.68,84.28,1015.58,16.68,4.68
2044,4.67,84.27,1015.57,16.67,4.67
2045,4.68,84.28,1015.54,16.68,4.68
2046,4.67,84.28,1015.5,16.67,4.67
2047,4.68,84.28,1015.54,16.68,4.68
2048,4.67,84.29,1015.53,16.67,4.67
2049,4.68,84.29,1015.54,16.68,4.68
2050,4.67,84.29,1015.5,16.67,4.67
2051,4.68,84.29,1015.49,16.68,4.68
2052,4.68,84.29,1015.43,16.68,4.68
2053,4.67,84.29,1015.46,16.67,4.67
2054,4.67,84.29,1015.43,16.67,4.67
2055,4.67,84.29,1015.46,16.67,4.67
2056,4.68,84.29,1015.43,16.68,4.68
2057,4.67,84.29,1015.42,16.67,4.67
2058,4.68,84.29,1015.37,16.68,4.68
2059,4.67,84.29,1015.37,16.67,4.67
2060,4.68,84.29,1015.42,16.68,4.68
2061,4.68,84.29,1015.42,16.68,4.68
2062,4.68,84.29,1015.44,16.68,4.68
2063,4.67,84.29,1015.46,16.67,4.67
2064,4.67,84.3,1015.49,16.67,4.67
2065,4.68,84.3,1015.48,16.68,4.68
2066,4.67,84.29,1015.45,16.67,4.67
2067,4.68,84.3,1015.47,16.68,4.68
