number,Temp,Humd,Press
1,5.21,62.92,1012.11
2,5.21,63.05,1012.35
3,5.21,63.11,1012.53
4,5.21,63.46,1012.63
5,5.21,63.53,1012.61
6,5.2,63.45,1012.7
7,5.2,63.74,1012.4
8,5.2,63.73,1012.68
9,5.2,64.09,1012.67
10,5.2,64.04,1012.65
11,5.2,63.97,1012.61
12,5.2,64.2,1012.59
13,5.19,64.57,1012.56
14,5.2,64.8,1012.61
15,5.19,64.9,1012.52
16,5.2,64.81,1012.43
17,5.19,65.05,1012.53
18,5.2,65.26,1012.58
19,5.18,65.33,1012.6
20,5.19,65.36,1012.6
21,5.18,65.35,1012.6
22,5.18,65.37,1012.54
23,5.18,65.43,1012.56
24,5.18,65.71,1012.6
25,5.18,65.98,1012.22
26,5.18,66.04,1012.57
27,5.17,66.27,1012.56
28,5.17,66.34,1012.55
29,5.17,66.46,1012.55
30,5.16,66.58,1012.63
31,5.16,66.72,1012.59
32,5.17,66.86,1012.64
33,5.16,67,1012.62
34,5.16,67.12,1012.6
35,5.16,67.24,1012.61
36,5.16,67.37,1012.59
37,5.16,67.49,1012.6
38,5.16,67.63,1012.61
39,5.16,67.74,1012.62
40,5.15,67.87,1012.64
41,5.15,67.99,1012.63
42,5.15,68.1,1012.64
43,5.15,68.22,1012.59
44,5.15,68.36,1012.62
45,5.15,68.47,1012.61
46,5.15,68.59,1012.58
47,5.15,68.72,1012.63
48,5.14,68.84,1012.62
49,5.14,68.98,1012.65
50,5.13,69.08,1012.6
51,5.13,69.2,1012.6
52,5.13,69.33,1012.62
53,5.13,69.44,1012.61
54,5.13,69.56,1012.61
55,5.13,69.67,1012.62
56,5.13,69.79,1012.6
57,5.13,69.88,1012.6
58,5.14,69.99,1012.61
59,5.13,70.1,1012.6
60,5.13,70.2,1012.59
61,5.13,70.3,1012.59
62,5.13,70.38,1012.62
63,5.12,70.48,1012.61
64,5.12,70.57,1012.62
65,5.13,70.67,1012.66
66,5.12,70.76,1012.66
67,5.11,70.84,1012.67
68,5.12,70.93,1012.63
69,5.12,71.02,1012.69
70,5.11,71.09,1012.7
71,5.11,71.18,1012.71
72,5.11,71.27,1012.67
73,5.1,71.35,1012.65
74,5.11,71.42,1012.65
75,5.11,71.51,1012.67
76,5.11,71.58,1012.71
77,5.1,71.66,1012.72
78,5.1,71.73,1012.7
79,5.1,71.8,1012.7
80,5.1,71.88,1012.68
81,5.1,71.95,1012.68
82,5.09,72.02,1012.66
83,5.1,72.08,1012.68
84,5.1,72.15,1012.7
85,5.09,72.22,1012.71
86,5.09,72.29,1012.69
87,5.1,72.35,1012.69
88,5.09,72.42,1012.69
89,5.09,72.47,1012.69
90,5.09,72.54,1012.73
91,5.09,72.6,1012.68
92,5.09,72.66,1012.73
93,5.09,72.72,1012.74
94,5.08,72.78,1012.77
95,5.09,72.85,1012.73
96,5.09,72.91,1012.78
97,5.09,72.95,1012.75
98,5.08,73.01,1012.75
99,5.08,73.06,1012.73
100,5.08,73.12,1012.74
101,5.08,73.18,1012.67
102,5.08,73.23,1012.72
103,5.08,73.29,1012.73
104,5.08,73.32,1012.74
105,5.08,73.38,1012.78
106,5.08,73.44,1012.73
107,5.07,73.49,1012.73
108,5.07,73.54,1012.75
109,5.07,73.59,1012.76
110,5.07,73.64,1012.78
111,5.08,73.68,1012.79
112,5.06,73.73,1012.75
113,5.07,73.78,1012.73
114,5.07,73.82,1012.76
115,5.06,73.86,1012.78
116,5.06,73.91,1012.78
117,5.06,73.96,1012.71
118,5.07,74,1012.75
119,5.07,74.05,1012.76
120,5.06,74.11,1012.76
121,5.06,74.15,1012.77
122,5.06,74.19,1012.74
123,5.07,74.21,1012.75
124,5.07,74.27,1012.79
125,5.06,74.3,1012.82
126,5.06,74.32,1012.81
127,5.05,74.38,1012.78
128,5.05,74.41,1012.77
129,5.05,74.46,1012.78
130,5.06,74.5,1012.83
131,5.05,74.54,1012.82
132,5.05,74.58,1012.8
133,5.05,74.61,1012.83
134,5.05,74.65,1012.77
135,5.04,74.67,1012.8
136,5.05,74.71,1012.76
137,5.05,74.75,1012.74
138,5.05,74.78,1012.76
139,5.05,74.81,1012.76
140,5.05,74.85,1012.71
141,5.05,74.88,1012.74
142,5.05,74.92,1012.74
143,5.05,74.95,1012.75
144,5.04,74.98,1012.73
145,5.05,75.02,1012.7
146,5.05,75.05,1012.7
147,5.05,75.08,1012.68
148,5.05,75.12,1012.72
149,5.04,75.14,1012.67
150,5.04,75.18,1012.68
151,5.04,75.21,1012.69
152,5.04,75.23,1012.68
153,5.04,75.27,1012.65
154,5.04,75.3,1012.64
155,5.04,75.33,1012.63
156,5.03,75.41,1012.64
157,5.04,75.45,1012.62
158,5.03,75.49,1012.58
159,5.03,75.54,1012.61
160,5.04,75.56,1012.61
161,5.04,75.59,1012.59
162,5.03,75.62,1012.6
163,5.03,75.65,1012.58
164,5.04,75.67,1012.59
165,5.03,75.7,1012.62
166,5.02,75.73,1012.6
167,5.04,75.76,1012.59
168,5.03,75.79,1012.56
169,5.02,75.81,1012.57
170,5.02,75.84,1012.54
171,5.03,75.87,1012.57
172,5.02,75.89,1012.56
173,5.02,75.92,1012.54
174,5.03,75.95,1012.54
175,5.03,75.97,1012.53
176,5.02,76,1012.55
177,5.03,76.03,1012.56
178,5.02,76.05,1012.54
179,5.03,76.08,1012.55
180,5.02,76.1,1012.53
181,5.02,76.14,1012.55
182,5.01,76.15,1012.56
183,5.02,76.17,1012.56
184,5.01,76.19,1012.58
185,5.01,76.22,1012.6
186,5.01,76.25,1012.6
187,5.01,76.27,1012.58
188,5.01,76.3,1012.57
189,5.02,76.32,1012.61
190,5.02,76.34,1012.59
191,5.02,76.36,1012.59
192,5.01,76.39,1012.62
193,5.01,76.41,1012.66
194,5.01,76.44,1012.65
195,5.01,76.46,1012.63
196,5.01,76.48,1012.64
197,5.01,76.5,1012.67
198,5.01,76.53,1012.69
199,5.01,76.55,1012.7
200,5.01,76.57,1012.69
201,5,76.59,1012.7
202,5.01,76.61,1012.67
203,5.01,76.64,1012.69
204,5.01,76.66,1012.69
205,5.01,76.68,1012.69
206,5.01,76.7,1012.66
207,5,76.73,1012.7
208,5.01,76.75,1012.66
209,5.01,76.77,1012.67
210,5.01,76.79,1012.68
211,5,76.8,1012.67
212,5,76.82,1012.64
213,5.01,76.84,1012.66
214,5,76.86,1012.63
215,5,76.88,1012.59
216,5,76.9,1012.6
217,5,76.91,1012.57
218,5,76.93,1012.53
219,5,76.95,1012.56
220,5,76.97,1012.53
221,5,76.99,1012.55
222,4.99,77.01,1012.56
223,4.99,77.03,1012.56
224,5,77.05,1012.55
225,4.99,77.08,1012.56
226,4.99,77.09,1012.56
227,4.99,77.11,1012.55
228,4.99,77.12,1012.56
229,5,77.14,1012.57
230,4.99,77.16,1012.55
231,4.99,77.17,1012.59
232,4.99,77.19,1012.56
233,4.99,77.21,1012.55
234,4.99,77.22,1012.56
235,4.99,77.24,1012.57
236,4.98,77.25,1012.56
237,4.99,77.28,1012.56
238,4.99,77.3,1012.53
239,4.98,77.3,1012.53
240,4.98,77.33,1012.51
241,4.98,77.35,1012.53
242,4.99,77.37,1012.53
243,4.98,77.37,1012.51
244,4.98,77.39,1012.53
245,4.99,77.41,1012.5
246,4.98,77.42,1012.51
247,4.99,77.44,1012.51
248,4.98,77.45,1012.53
249,4.98,77.47,1012.49
250,4.98,77.49,1012.51
251,4.98,77.5,1012.51
252,4.98,77.51,1012.51
253,4.98,77.53,1012.48
254,4.98,77.54,1012.51
255,4.98,77.56,1012.53
256,4.98,77.58,1012.53
257,4.98,77.59,1012.51
258,4.98,77.6,1012.52
259,4.97,77.62,1012.52
260,4.98,77.63,1012.52
261,4.97,77.64,1012.52
262,4.98,77.66,1012.54
263,4.97,77.67,1012.54
264,4.97,77.7,1012.54
265,4.97,77.72,1012.56
266,4.98,77.73,1012.55
267,4.97,77.75,1012.58
268,4.98,77.78,1012.6
269,4.98,77.81,1012.55
270,4.97,77.83,1012.6
271,4.97,77.85,1012.6
272,4.97,77.87,1012.64
273,4.97,77.9,1012.61
274,4.97,77.92,1012.64
275,4.96,77.96,1012.64
276,4.97,77.99,1012.63
277,4.97,78,1012.66
278,4.97,78.02,1012.67
279,4.97,78.04,1012.63
280,4.97,78.05,1012.65
281,4.97,78.08,1012.62
282,4.97,78.09,1012.66
283,4.96,78.12,1012.64
284,4.96,78.13,1012.64
285,4.97,78.15,1012.64
286,4.97,78.17,1012.63
287,4.96,78.19,1012.59
288,4.96,78.2,1012.59
289,4.96,78.21,1012.59
290,4.96,78.23,1012.62
291,4.96,78.24,1012.59
292,4.96,78.24,1012.58
293,4.97,78.26,1012.61
294,4.95,78.28,1012.6
295,4.97,78.29,1012.58
296,4.96,78.3,1012.58
297,4.95,78.32,1012.59
298,4.95,78.33,1012.56
299,4.96,78.34,1012.59
300,4.95,78.36,1012.6
301,4.96,78.37,1012.62
302,4.95,78.38,1012.66
303,4.95,78.39,1012.63
304,4.95,78.41,1012.62
305,4.96,78.42,1012.61
306,4.95,78.44,1012.64
307,4.95,78.45,1012.63
308,4.95,78.46,1012.65
309,4.95,78.48,1012.65
310,4.95,78.48,1012.65
311,4.96,78.49,1012.65
312,4.95,78.5,1012.68
313,4.96,78.51,1012.62
314,4.95,78.53,1012.63
315,4.95,78.54,1012.65
316,4.96,78.55,1012.65
317,4.95,78.56,1012.65
318,4.95,78.57,1012.63
319,4.95,78.57,1012.65
320,4.95,78.59,1012.68
321,4.94,78.6,1012.65
322,4.94,78.62,1012.68
323,4.95,78.63,1012.65
324,4.94,78.64,1012.66
325,4.96,78.66,1012.69
326,4.96,78.67,1012.7
327,4.97,78.68,1012.66
328,4.97,78.69,1012.64
329,4.96,78.71,1012.67
330,4.96,78.72,1012.67
331,4.96,78.73,1012.69
332,4.96,78.73,1012.68
333,4.96,78.74,1012.7
334,4.96,78.76,1012.72
335,4.97,78.76,1012.68
336,4.95,78.78,1012.73
337,4.97,78.78,1012.73
338,4.96,78.79,1012.75
339,4.95,78.8,1012.74
340,4.95,78.81,1012.74
341,4.96,78.82,1012.73
342,4.95,78.83,1012.74
343,4.96,78.84,1012.76
344,4.95,78.85,1012.7
345,4.95,78.86,1012.75
346,4.95,78.86,1012.72
347,4.96,78.87,1012.69
348,4.95,78.88,1012.68
349,4.95,78.9,1012.69
350,4.95,78.9,1012.67
351,4.95,78.91,1012.67
352,4.95,78.92,1012.63
353,4.96,78.93,1012.67
354,4.95,78.94,1012.68
355,4.96,78.95,1012.68
356,4.95,78.96,1012.69
357,4.95,78.97,1012.66
358,4.96,78.98,1012.68
359,4.95,78.99,1012.69
360,4.95,79.01,1012.71
361,4.95,79.02,1012.68
362,4.95,79.03,1012.73
363,4.94,79.04,1012.73
364,4.94,79.05,1012.76
365,4.95,79.05,1012.78
366,4.94,79.07,1012.75
367,4.96,79.07,1012.74
368,4.96,79.08,1012.74
369,4.97,79.09,1012.75
370,4.97,79.09,1012.76
371,4.96,79.11,1012.74
372,4.96,79.12,1012.68
373,4.96,79.14,1012.72
374,4.96,79.15,1012.7
375,4.96,79.16,1012.73
376,4.96,79.17,1012.71
377,4.97,79.18,1012.69
378,4.95,79.19,1012.68
379,4.97,79.19,1012.69
380,4.96,79.2,1012.72
381,4.95,79.22,1012.69
382,4.95,79.22,1012.68
383,4.96,79.23,1012.68
384,4.95,79.24,1012.68
385,4.96,79.25,1012.69
386,4.95,79.26,1012.69
387,4.95,79.27,1012.66
388,4.95,79.27,1012.7
389,4.96,79.29,1012.7
390,4.95,79.3,1012.71
391,4.95,79.31,1012.72
392,4.95,79.32,1012.69
393,4.95,79.33,1012.72
394,4.95,79.34,1012.74
395,4.96,79.36,1012.74
396,4.95,79.37,1012.73
397,4.96,79.38,1012.73
398,4.95,79.38,1012.73
399,4.95,79.4,1012.74
400,4.96,79.42,1012.71
401,4.95,79.42,1012.73
402,4.95,79.44,1012.79
403,4.95,79.47,1012.76
404,4.95,79.48,1012.68
405,4.94,79.49,1012.7
406,4.94,79.5,1012.73
407,4.95,79.5,1012.73
408,4.94,79.52,1012.71
409,4.96,79.54,1012.7
410,4.96,79.54,1012.71
411,4.97,79.55,1012.7
412,4.97,79.57,1012.68
413,4.96,79.57,1012.67
414,4.96,79.58,1012.64
415,4.96,79.59,1012.68
416,4.96,79.6,1012.63
417,4.96,79.61,1012.64
418,4.96,79.62,1012.62
419,4.97,79.62,1012.59
420,4.95,79.65,1012.58
421,4.97,79.67,1012.61
422,4.96,79.68,1012.6
423,4.95,79.69,1012.62
424,4.95,79.69,1012.6
425,4.96,79.71,1012.59
426,4.95,79.72,1012.56
427,4.96,79.72,1012.6
428,4.95,79.73,1012.57
429,4.95,79.75,1012.59
430,4.95,79.75,1012.57
431,4.96,79.76,1012.58
432,4.95,79.77,1012.58
433,4.95,79.78,1012.61
434,4.95,79.79,1012.54
435,4.95,79.79,1012.57
436,4.95,79.81,1012.53
437,4.96,79.82,1012.53
438,4.95,79.83,1012.51
439,4.96,79.83,1012.52
440,4.95,79.86,1012.55
441,4.95,79.86,1012.56
442,4.96,79.87,1012.53
443,4.95,79.88,1012.57
444,4.95,79.89,1012.53
445,4.95,79.9,1012.51
446,4.95,79.91,1012.53
447,4.94,79.91,1012.48
448,4.94,79.94,1012.49
449,4.95,79.95,1012.48
450,4.94,79.96,1012.47
451,4.96,79.97,1012.48
452,4.96,79.98,1012.49
453,4.97,79.98,1012.51
454,4.97,79.99,1012.5
455,4.96,80,1012.51
456,4.96,80.01,1012.49
457,4.96,80.03,1012.48
458,4.96,80.04,1012.52
459,4.96,80.05,1012.51
460,4.96,80.06,1012.49
461,4.97,80.06,1012.46
462,4.95,80.07,1012.49
463,4.97,80.07,1012.49
464,4.96,80.09,1012.46
465,4.95,80.09,1012.5
466,4.95,80.1,1012.46
467,4.96,80.11,1012.48
468,4.95,80.11,1012.44
469,4.96,80.12,1012.49
470,4.95,80.14,1012.47
471,4.95,80.15,1012.47
472,4.95,80.15,1012.44
473,4.96,80.16,1012.47
474,4.95,80.17,1012.47
475,4.95,80.17,1012.45
476,4.95,80.2,1012.47
477,4.95,80.21,1012.46
478,4.95,80.21,1012.46
479,4.96,80.22,1012.47
480,4.95,80.23,1012.46
481,4.96,80.23,1012.42
482,4.95,80.25,1012.45
483,4.95,80.26,1012.44
484,4.96,80.29,1012.41
485,4.95,80.3,1012.42
486,4.95,80.31,1012.46
487,4.95,80.32,1012.45
488,4.95,80.33,1012.37
489,4.94,80.34,1012.42
490,4.94,80.34,1012.42
491,4.95,80.35,1012.42
492,4.94,80.35,1012.39
493,4.96,80.36,1012.39
494,4.96,80.37,1012.38
495,4.97,80.38,1012.38
496,4.97,80.38,1012.39
497,4.96,80.39,1012.41
498,4.96,80.39,1012.39
499,4.96,80.4,1012.42
500,4.96,80.4,1012.37
501,4.96,80.41,1012.41
502,4.96,80.41,1012.41
503,4.97,80.42,1012.38
504,4.95,80.43,1012.34
505,4.97,80.44,1012.39
506,4.96,80.44,1012.41
507,4.95,80.45,1012.39
508,4.95,80.46,1012.41
509,4.96,80.46,1012.4
510,4.95,80.47,1012.37
511,4.96,80.48,1012.39
512,4.95,80.48,1012.42
513,4.95,80.49,1012.42
514,4.95,80.5,1012.4
515,4.96,80.51,1012.39
516,4.95,80.51,1012.44
517,4.95,80.51,1012.42
518,4.95,80.52,1012.41
519,4.95,80.53,1012.43
520,4.95,80.53,1012.4
521,4.96,80.54,1012.42
522,4.95,80.54,1012.41
523,4.96,80.56,1012.43
524,4.95,80.56,1012.44
525,4.95,80.56,1012.44
526,4.96,80.57,1012.44
527,4.95,80.59,1012.46
528,4.95,80.6,1012.47
529,4.95,80.6,1012.43
530,4.95,80.61,1012.45
531,4.94,80.61,1012.47
532,4.94,80.62,1012.47
533,4.95,80.63,1012.51
534,4.94,80.64,1012.51
535,4.95,80.64,1012.54
536,4.94,80.65,1012.51
537,4.96,80.66,1012.53
538,4.96,80.66,1012.55
539,4.97,80.67,1012.57
540,4.97,80.68,1012.58
541,4.96,80.69,1012.61
542,4.96,80.69,1012.63
543,4.96,80.69,1012.58
544,4.96,80.71,1012.57
545,4.96,80.72,1012.6
546,4.96,80.72,1012.64
547,4.97,80.73,1012.66
548,4.95,80.74,1012.63
549,4.97,80.74,1012.68
550,4.96,80.75,1012.66
551,4.95,80.75,1012.67
552,4.95,80.76,1012.65
553,4.96,80.76,1012.71
554,4.95,80.77,1012.66
555,4.95,80.77,1012.68
556,4.94,80.78,1012.69
557,4.96,80.79,1012.69
558,4.96,80.8,1012.65
559,4.97,80.79,1012.67
560,4.97,80.8,1012.71
561,4.96,80.81,1012.67
562,4.96,80.83,1012.69
563,4.96,80.83,1012.68
564,4.96,80.83,1012.68
565,4.96,80.83,1012.66
566,4.96,80.85,1012.65
567,4.97,80.85,1012.68
568,4.95,80.86,1012.65
569,4.97,80.86,1012.65
570,4.96,80.87,1012.64
571,4.95,80.87,1012.65
572,4.95,80.88,1012.64
573,4.96,80.89,1012.67
574,4.95,80.89,1012.65
575,4.98,80.89,1012.67
576,4.98,80.9,1012.66
577,4.98,80.91,1012.64
578,4.98,80.91,1012.67
579,4.98,80.92,1012.68
580,4.98,80.92,1012.66
581,4.97,80.93,1012.66
582,4.98,80.94,1012.66
583,4.97,80.95,1012.65
584,4.98,80.95,1012.69
585,4.97,80.95,1012.66
586,4.97,80.97,1012.69
587,4.97,80.98,1012.68
588,4.98,80.98,1012.74
589,4.97,80.99,1012.68
590,4.98,80.99,1012.72
591,4.98,81,1012.73
592,4.97,81,1012.71
593,4.97,81.01,1012.7
594,4.97,81.01,1012.74
595,4.97,81.02,1012.74
596,4.97,81.02,1012.74
597,4.96,81.03,1012.71
598,4.97,81.03,1012.72
599,4.97,81.04,1012.7
600,4.97,81.04,1012.73
601,4.97,81.05,1012.7
602,4.97,81.05,1012.71
603,4.97,81.05,1012.72
604,4.97,81.07,1012.73
605,4.96,81.07,1012.7
606,4.96,81.08,1012.73
607,4.97,81.08,1012.74
608,4.97,81.08,1012.71
609,4.96,81.09,1012.71
610,4.96,81.05,1012.69
611,4.96,81.1,1012.69
612,4.96,81.11,1012.7
613,4.96,81.11,1012.64
614,4.96,81.12,1012.67
615,4.97,81.12,1012.69
616,4.95,81.13,1012.65
617,4.97,81.13,1012.67
618,4.96,81.14,1012.66
619,4.95,81.14,1012.65
620,4.95,81.15,1012.67
621,4.96,81.15,1012.66
622,4.95,81.16,1012.65
623,4.96,81.16,1012.65
624,4.95,81.17,1012.64
625,4.95,81.17,1012.65
626,4.95,81.17,1012.64
627,4.96,81.18,1012.65
628,4.95,81.18,1012.62
629,4.95,81.19,1012.63
630,4.95,81.19,1012.67
631,4.95,81.2,1012.64
632,4.95,81.2,1012.6
633,4.96,81.21,1012.65
634,4.95,81.21,1012.64
635,4.96,81.22,1012.69
636,4.95,81.22,1012.63
637,4.95,81.23,1012.63
638,4.96,81.24,1012.61
639,4.95,81.24,1012.61
640,4.95,81.25,1012.59
641,4.95,81.25,1012.61
642,4.95,81.26,1012.61
643,4.94,81.26,1012.61
644,4.94,81.27,1012.6
645,4.95,81.27,1012.61
646,4.94,81.28,1012.62
647,4.94,81.28,1012.62
648,4.95,81.29,1012.63
649,4.94,81.29,1012.61
650,4.95,81.3,1012.66
651,4.95,81.31,1012.65
652,4.95,81.3,1012.66
653,4.94,81.31,1012.66
654,4.94,81.31,1012.65
655,4.94,81.32,1012.62
656,4.94,81.32,1012.64
657,4.94,81.33,1012.66
658,4.94,81.33,1012.64
659,4.94,81.33,1012.64
660,4.94,81.34,1012.65
661,4.95,81.35,1012.67
662,4.95,81.35,1012.68
663,4.94,81.35,1012.68
664,4.94,81.36,1012.67
665,4.94,81.36,1012.71
666,4.94,81.37,1012.72
667,4.94,81.37,1012.7
668,4.94,81.38,1012.71
669,4.94,81.38,1012.67
670,4.94,81.4,1012.69
671,4.94,81.4,1012.69
672,4.94,81.41,1012.69
673,4.94,81.42,1012.73
674,4.93,81.42,1012.72
675,4.94,81.44,1012.76
676,4.94,81.43,1012.72
677,4.94,81.44,1012.77
678,4.94,81.45,1012.74
679,4.94,81.45,1012.79
680,4.94,81.45,1012.76
681,4.93,81.45,1012.76
682,4.94,81.46,1012.8
683,4.94,81.47,1012.77
684,4.94,81.49,1012.78
685,4.94,81.49,1012.78
686,4.94,81.5,1012.79
687,4.94,81.5,1012.81
688,4.94,81.51,1012.83
689,4.94,81.51,1012.82
690,4.93,81.5,1012.82
691,4.93,81.51,1012.81
692,4.94,81.52,1012.82
693,4.93,81.52,1012.83
694,4.93,81.52,1012.83
695,4.93,81.52,1012.83
696,4.93,81.54,1012.85
697,4.93,81.54,1012.82
698,4.93,81.54,1012.85
699,4.93,81.56,1012.83
700,4.93,81.56,1012.83
701,4.93,81.56,1012.81
702,4.93,81.57,1012.79
703,4.92,81.57,1012.81
704,4.93,81.57,1012.81
705,4.92,81.58,1012.8
706,4.93,81.58,1012.8
707,4.93,81.59,1012.77
708,4.93,81.59,1012.8
709,4.93,81.59,1012.81
710,4.92,81.6,1012.79
711,4.92,81.6,1012.81
712,4.93,81.61,1012.83
713,4.93,81.61,1012.81
714,4.93,81.61,1012.79
715,4.92,81.62,1012.83
716,4.93,81.63,1012.83
717,4.93,81.63,1012.82
718,4.93,81.63,1012.82
719,4.93,81.64,1012.85
720,4.92,81.65,1012.83
721,4.93,81.65,1012.85
722,4.93,81.65,1012.83
723,4.92,81.66,1012.87
724,4.92,81.67,1012.87
725,4.93,81.67,1012.84
726,4.93,81.67,1012.88
727,4.92,81.67,1012.87
728,4.93,81.68,1012.88
729,4.92,81.69,1012.87
730,4.93,81.69,1012.88
731,4.92,81.7,1012.87
732,4.93,81.69,1012.89
733,4.92,81.7,1012.86
734,4.92,81.71,1012.86
735,4.93,81.72,1012.89
736,4.93,81.72,1012.9
737,4.92,81.73,1012.89
738,4.93,81.73,1012.87
739,4.92,81.74,1012.82
740,4.92,81.74,1012.84
741,4.92,81.74,1012.85
742,4.92,81.74,1012.87
743,4.92,81.75,1012.85
744,4.91,81.75,1012.86
745,4.92,81.75,1012.84
746,4.91,81.77,1012.82
747,4.92,81.77,1012.84
748,4.91,81.77,1012.84
749,4.91,81.78,1012.84
750,4.91,81.78,1012.82
751,4.92,81.78,1012.82
752,4.92,81.79,1012.86
753,4.91,81.79,1012.84
754,4.92,81.8,1012.86
755,4.91,81.8,1012.89
756,4.91,81.81,1012.82
757,4.91,81.81,1012.87
758,4.92,81.82,1012.86
759,4.91,81.82,1012.88
760,4.92,81.82,1012.88
761,4.91,81.82,1012.9
762,4.91,81.83,1012.91
763,4.91,81.83,1012.9
764,4.91,81.83,1012.9
765,4.91,81.84,1012.93
766,4.91,81.84,1012.94
767,4.91,81.85,1012.88
768,4.91,81.85,1012.9
769,4.91,81.85,1012.91
770,4.91,81.86,1012.92
771,4.91,81.87,1012.94
772,4.91,81.86,1012.96
773,4.91,81.87,1012.95
774,4.91,81.87,1012.97
775,4.91,81.88,1012.93
776,4.91,81.88,1012.96
777,4.91,81.89,1012.96
778,4.91,81.89,1012.99
779,4.91,81.9,1012.96
780,4.91,81.89,1012.99
781,4.91,81.9,1013.03
782,4.91,81.91,1012.99
783,4.91,81.91,1013.01
784,4.91,81.91,1013.01
785,4.91,81.91,1013
786,4.91,81.92,1013
787,4.9,81.92,1013
788,4.9,81.92,1012.96
789,4.9,81.92,1012.99
790,4.91,81.93,1012.99
791,4.9,81.93,1012.93
792,4.9,81.94,1012.98
793,4.9,81.94,1013
794,4.9,81.95,1013
795,4.9,81.95,1013.02
796,4.9,81.96,1013.01
797,4.9,81.96,1013.06
798,4.9,81.96,1013.02
799,4.9,81.97,1013.01
800,4.89,81.97,1013.01
801,4.9,81.98,1013.03
802,4.9,81.99,1013.02
803,4.91,81.99,1013.04
804,4.9,81.99,1012.97
805,4.9,82,1013
806,4.91,82.01,1012.98
807,4.9,82.01,1012.92
808,4.9,82.01,1012.96
809,4.9,82.02,1012.97
810,4.9,82.02,1012.94
811,4.9,82.02,1012.98
812,4.9,82.03,1012.99
813,4.9,82.04,1012.98
814,4.91,82.04,1013.02
815,4.9,82.04,1013.03
816,4.9,82.05,1012.98
817,4.9,82.05,1013
818,4.9,82.05,1013.03
819,4.9,82.05,1013.08
820,4.9,82.06,1013.08
821,4.91,82.06,1013.09
822,4.9,82.06,1013.08
823,4.89,82.07,1013.09
824,4.9,82.08,1013.12
825,4.89,82.08,1013.1
826,4.89,82.08,1013.12
827,4.9,82.1,1013.09
828,4.89,82.09,1013.1
829,4.89,82.09,1013.08
830,4.89,82.09,1013.12
831,4.9,82.1,1013.12
832,4.9,82.11,1013.15
833,4.89,82.1,1013.11
834,4.9,82.13,1013.11
835,4.89,82.12,1013.12
836,4.89,82.13,1013.11
837,4.89,82.13,1013.14
838,4.9,82.15,1013.19
839,4.89,82.15,1013.12
840,4.9,82.15,1013.18
841,4.9,82.16,1013.16
842,4.89,82.16,1013.16
843,4.89,82.16,1013.14
844,4.88,82.15,1013.13
845,4.89,82.17,1013.17
846,4.89,82.17,1013.17
847,4.89,82.17,1013.15
848,4.89,82.18,1013.16
849,4.89,82.19,1013.14
850,4.89,82.19,1013.14
851,4.89,82.19,1013.16
852,4.89,82.2,1013.16
853,4.89,82.2,1013.14
854,4.88,82.2,1013.17
855,4.89,82.21,1013.23
856,4.9,82.21,1013.23
857,4.88,82.22,1013.26
858,4.88,82.23,1013.25
859,4.88,82.23,1013.24
860,4.88,82.23,1013.21
861,4.88,82.23,1013.21
862,4.89,82.24,1013.24
863,4.88,82.24,1013.21
864,4.88,82.24,1013.25
865,4.89,82.25,1013.29
866,4.89,82.25,1013.31
867,4.89,82.26,1013.34
868,4.88,82.26,1013.31
869,4.88,82.28,1013.21
870,4.88,82.28,1013.24
871,4.88,82.28,1013.23
872,4.88,82.29,1013.21
873,4.88,82.29,1013.24
874,4.88,82.3,1013.23
875,4.89,82.3,1013.22
876,4.89,82.3,1013.25
877,4.88,82.31,1013.18
878,4.88,82.31,1013.2
879,4.88,82.31,1013.2
880,4.87,82.31,1013.2
881,4.88,82.31,1013.22
882,4.87,82.32,1013.15
883,4.88,82.32,1013.23
884,4.88,82.33,1013.26
885,4.87,82.33,1013.21
886,4.87,82.34,1013.25
887,4.87,82.34,1013.2
888,4.89,82.34,1013.24
889,4.88,82.34,1013.24
890,4.88,82.35,1013.22
891,4.87,82.35,1013.21
892,4.88,82.35,1013.18
893,4.87,82.35,1013.22
894,4.88,82.36,1013.22
895,4.88,82.36,1013.22
896,4.88,82.36,1013.21
897,4.88,82.37,1013.25
898,4.87,82.36,1013.2
899,4.87,82.37,1013.19
900,4.87,82.37,1013.16
901,4.87,82.38,1013.15
902,4.87,82.38,1013.12
903,4.87,82.38,1013.13
904,4.87,82.39,1013.12
905,4.88,82.39,1013.11
906,4.86,82.39,1013.11
907,4.86,82.39,1013.08
908,4.87,82.4,1013.14
909,4.87,82.4,1013.14
910,4.87,82.41,1013.15
911,4.87,82.41,1013.15
912,4.87,82.41,1013.14
913,4.87,82.41,1013.13
914,4.88,82.42,1013.12
915,4.87,82.42,1013.15
916,4.87,82.42,1013.11
917,4.88,82.43,1013.14
918,4.87,82.43,1013.09
919,4.87,82.44,1013.08
920,4.87,82.44,1013.09
921,4.87,82.44,1013.16
922,4.88,82.44,1013.17
923,4.87,82.45,1013.15
924,4.87,82.45,1013.19
925,4.86,82.45,1013.11
926,4.87,82.45,1013.2
927,4.87,82.45,1013.2
928,4.86,82.46,1013.15
929,4.87,82.46,1013.15
930,4.87,82.47,1013.16
931,4.87,82.47,1013.16
932,4.87,82.48,1013.19
933,4.87,82.48,1013.17
934,4.87,82.48,1013.2
935,4.86,82.49,1013.15
936,4.87,82.49,1013.2
937,4.87,82.49,1013.17
938,4.86,82.49,1013.21
939,4.86,82.5,1013.19
940,4.86,82.5,1013.17
941,4.87,82.5,1013.2
942,4.87,82.51,1013.18
943,4.86,82.51,1013.19
944,4.86,82.53,1013.2
945,4.87,82.53,1013.19
946,4.87,82.53,1013.21
947,4.86,82.54,1013.22
948,4.86,82.54,1013.23
949,4.87,82.55,1013.23
950,4.87,82.55,1013.27
951,4.86,82.55,1013.25
952,4.87,82.55,1013.27
953,4.86,82.56,1013.25
954,4.87,82.56,1013.29
955,4.86,82.57,1013.3
956,4.87,82.57,1013.31
957,4.87,82.57,1013.33
958,4.86,82.57,1013.3
959,4.86,82.57,1013.33
960,4.86,82.58,1013.32
961,4.86,82.58,1013.33
962,4.87,82.58,1013.36
963,4.86,82.58,1013.32
964,4.87,82.59,1013.36
965,4.87,82.59,1013.34
966,4.86,82.59,1013.29
967,4.86,82.59,1013.31
968,4.86,82.59,1013.3
969,4.86,82.6,1013.32
970,4.86,82.6,1013.32
971,4.86,82.6,1013.34
972,4.86,82.6,1013.31
973,4.86,82.6,1013.32
974,4.86,82.61,1013.33
975,4.86,82.62,1013.35
976,4.86,82.62,1013.36
977,4.86,82.62,1013.36
978,4.86,82.62,1013.4
979,4.86,82.63,1013.37
980,4.87,82.64,1013.4
981,4.86,82.64,1013.45
982,4.86,82.64,1013.45
983,4.86,82.64,1013.46
984,4.85,82.65,1013.45
985,4.86,82.64,1013.48
986,4.86,82.64,1013.49
987,4.86,82.65,1013.43
988,4.86,82.65,1013.51
989,4.86,82.65,1013.51
990,4.86,82.65,1013.49
991,4.86,82.65,1013.52
992,4.87,82.65,1013.52
993,4.86,82.65,1013.48
994,4.86,82.66,1013.47
995,4.86,82.66,1013.5
996,4.86,82.67,1013.49
997,4.86,82.66,1013.47
998,4.86,82.67,1013.48
999,4.86,82.67,1013.47
1000,4.86,82.67,1013.48
1001,4.85,82.67,1013.42
1002,4.86,82.67,1013.48
1003,4.86,82.67,1013.45
1004,4.86,82.69,1013.43
1005,4.86,82.69,1013.42
1006,4.86,82.69,1013.45
1007,4.85,82.69,1013.42
1008,4.86,82.69,1013.41
1009,4.85,82.69,1013.4
1010,4.85,82.7,1013.41
1011,4.86,82.7,1013.48
1012,4.85,82.69,1013.4
1013,4.85,82.71,1013.42
1014,4.86,82.7,1013.48
1015,4.86,82.7,1013.43
1016,4.85,82.7,1013.43
1017,4.85,82.7,1013.43
1018,4.85,82.72,1013.45
1019,4.85,82.71,1013.43
1020,4.85,82.72,1013.49
1021,4.85,82.72,1013.51
1022,4.86,82.72,1013.49
1023,4.85,82.72,1013.51
1024,4.86,82.73,1013.54
1025,4.85,82.73,1013.49
1026,4.85,82.72,1013.49
1027,4.85,82.73,1013.5
1028,4.85,82.74,1013.49
1029,4.85,82.74,1013.44
1030,4.86,82.72,1013.45
1031,4.85,82.73,1013.44
1032,4.85,82.75,1013.47
1033,4.86,82.74,1013.47
1034,4.85,82.75,1013.49
1035,4.85,82.75,1013.49
1036,4.85,82.75,1013.46
1037,4.85,82.75,1013.47
1038,4.86,82.75,1013.49
1039,4.85,82.75,1013.45
1040,4.85,82.76,1013.48
1041,4.85,82.76,1013.47
1042,4.85,82.75,1013.47
1043,4.86,82.76,1013.46
1044,4.85,82.77,1013.44
1045,4.85,82.77,1013.44
1046,4.85,82.77,1013.45
1047,4.85,82.77,1013.46
1048,4.85,82.78,1013.45
1049,4.85,82.78,1013.49
1050,4.85,82.78,1013.48
1051,4.85,82.78,1013.53
1052,4.86,82.78,1013.53
1053,4.86,82.78,1013.54
1054,4.85,82.79,1013.56
1055,4.86,82.78,1013.59
1056,4.86,82.79,1013.59
1057,4.85,82.8,1013.58
1058,4.86,82.79,1013.62
1059,4.85,82.8,1013.63
1060,4.85,82.8,1013.62
1061,4.85,82.8,1013.58
1062,4.85,82.8,1013.62
1063,4.85,82.8,1013.56
1064,4.85,82.81,1013.6
1065,4.85,82.81,1013.58
1066,4.85,82.81,1013.6
1067,4.85,82.81,1013.59
1068,4.85,82.82,1013.64
1069,4.86,82.81,1013.62
1070,4.85,82.81,1013.62
1071,4.85,82.82,1013.68
1072,4.84,82.82,1013.62
1073,4.85,82.82,1013.61
1074,4.85,82.83,1013.62
1075,4.85,82.82,1013.6
1076,4.85,82.82,1013.66
1077,4.84,82.83,1013.63
1078,4.85,82.83,1013.63
1079,4.85,82.83,1013.66
1080,4.84,82.83,1013.64
1081,4.84,82.84,1013.63
1082,4.85,82.84,1013.63
1083,4.84,82.84,1013.65
1084,4.84,82.84,1013.63
1085,4.84,82.84,1013.62
1086,4.85,82.84,1013.66
1087,4.84,82.85,1013.68
1088,4.84,82.85,1013.63
1089,4.84,82.85,1013.69
1090,4.84,82.86,1013.72
1091,4.84,82.86,1013.7
1092,4.85,82.86,1013.73
1093,4.84,82.86,1013.69
1094,4.85,82.87,1013.65
1095,4.85,82.86,1013.64
1096,4.84,82.87,1013.68
1097,4.85,82.87,1013.67
1098,4.85,82.87,1013.67
1099,4.84,82.87,1013.67
1100,4.84,82.88,1013.7
1101,4.84,82.87,1013.66
1102,4.85,82.87,1013.66
1103,4.84,82.87,1013.67
1104,4.84,82.87,1013.66
1105,4.84,82.88,1013.66
1106,4.84,82.88,1013.66
1107,4.84,82.88,1013.65
1108,4.84,82.88,1013.64
1109,4.84,82.89,1013.61
1110,4.84,82.89,1013.64
1111,4.85,82.89,1013.68
1112,4.84,82.89,1013.69
1113,4.85,82.89,1013.68
1114,4.84,82.89,1013.66
1115,4.84,82.9,1013.73
1116,4.84,82.9,1013.7
1117,4.84,82.9,1013.71
1118,4.84,82.9,1013.67
1119,4.85,82.9,1013.73
1120,4.84,82.91,1013.65
1121,4.84,82.91,1013.71
1122,4.84,82.91,1013.7
1123,4.84,82.91,1013.65
1124,4.85,82.91,1013.73
1125,4.84,82.91,1013.7
1126,4.84,82.92,1013.74
1127,4.84,82.92,1013.73
1128,4.84,82.93,1013.72
1129,4.84,82.93,1013.71
1130,4.84,82.93,1013.71
1131,4.84,82.93,1013.72
1132,4.84,82.94,1013.73
1133,4.84,82.94,1013.78
1134,4.83,82.94,1013.77
1135,4.84,82.94,1013.82
1136,4.84,82.95,1013.8
1137,4.84,82.95,1013.81
1138,4.84,82.95,1013.76
1139,4.84,82.95,1013.76
1140,4.84,82.95,1013.78
1141,4.84,82.95,1013.78
1142,4.84,82.96,1013.84
1143,4.84,82.96,1013.77
1144,4.84,82.96,1013.79
1145,4.84,82.97,1013.8
1146,4.84,82.97,1013.79
1147,4.84,82.97,1013.8
1148,4.84,82.97,1013.81
1149,4.84,82.98,1013.85
1150,4.84,82.98,1013.82
1151,4.84,82.98,1013.78
1152,4.84,82.98,1013.8
1153,4.84,82.98,1013.81
1154,4.84,82.99,1013.79
1155,4.84,82.99,1013.78
1156,4.84,82.99,1013.79
1157,4.83,82.99,1013.72
1158,4.83,82.99,1013.76
1159,4.84,82.99,1013.77
1160,4.83,83,1013.8
1161,4.83,83,1013.77
1162,4.83,83.01,1013.79
1163,4.84,83.01,1013.78
1164,4.83,83.01,1013.8
1165,4.83,83.01,1013.75
1166,4.83,83.02,1013.77
1167,4.83,83.02,1013.77
1168,4.84,83.02,1013.82
1169,4.83,83.03,1013.87
1170,4.84,83.02,1013.87
1171,4.84,83.03,1013.89
1172,4.84,83.03,1013.91
1173,4.84,83.04,1013.91
1174,4.83,83.03,1013.94
1175,4.83,83.04,1013.92
1176,4.83,83.04,1013.9
1177,4.84,83.04,1013.88
1178,4.83,83.05,1013.9
1179,4.83,83.05,1013.89
1180,4.83,83.05,1013.94
1181,4.83,83.05,1013.88
1182,4.83,83.05,1013.89
1183,4.83,83.05,1013.98
1184,4.83,83.06,1014
1185,4.83,83.07,1014.01
1186,4.83,83.07,1014
1187,4.84,83.07,1014.03
1188,4.83,83.07,1014.04
1189,4.83,83.08,1014.05
1190,4.83,83.08,1014.05
1191,4.83,83.08,1014.06
1192,4.83,83.08,1014.07
1193,4.83,83.08,1014.05
1194,4.83,83.08,1014.04
1195,4.83,83.09,1014.04
1196,4.83,83.09,1014.06
1197,4.83,83.09,1014.09
1198,4.83,83.09,1014.05
1199,4.83,83.09,1014.13
1200,4.83,83.09,1014.18
1201,4.83,83.1,1014.19
1202,4.83,83.1,1014.13
1203,4.83,83.1,1014.11
1204,4.83,83.1,1014.11
1205,4.83,83.1,1014.15
1206,4.83,83.11,1014.13
1207,4.83,83.11,1014.1
1208,4.82,83.11,1014.16
1209,4.83,83.11,1014.18
1210,4.83,83.11,1014.16
1211,4.83,83.11,1014.14
1212,4.83,83.11,1014.11
1213,4.83,83.12,1014.12
1214,4.83,83.12,1014.16
1215,4.83,83.12,1014.18
1216,4.82,83.12,1014.17
1217,4.83,83.14,1014.16
1218,4.82,83.14,1014.17
1219,4.82,83.14,1014.19
1220,4.82,83.14,1014.17
1221,4.83,83.14,1014.18
1222,4.83,83.15,1014.17
1223,4.83,83.15,1014.18
1224,4.82,83.15,1014.18
1225,4.82,83.15,1014.15
1226,4.83,83.16,1014.19
1227,4.82,83.15,1014.14
1228,4.82,83.16,1014.17
1229,4.82,83.16,1014.13
1230,4.83,83.16,1014.13
1231,4.83,83.16,1014.13
1232,4.82,83.16,1014.12
1233,4.82,83.16,1014.11
1234,4.82,83.17,1014.13
1235,4.82,83.17,1014.13
1236,4.82,83.17,1014.16
1237,4.82,83.17,1014.1
1238,4.82,83.18,1014.08
1239,4.82,83.18,1014.16
1240,4.82,83.19,1014.11
1241,4.83,83.19,1014.12
1242,4.82,83.19,1014.08
1243,4.82,83.19,1014.14
1244,4.82,83.19,1014.09
1245,4.82,83.2,1014.08
1246,4.82,83.19,1014.06
1247,4.82,83.2,1014.09
1248,4.82,83.2,1014.1
1249,4.82,83.2,1014.13
1250,4.81,83.2,1014.11
1251,4.82,83.21,1014.13
1252,4.82,83.21,1014.13
1253,4.81,83.21,1014.12
1254,4.82,83.21,1014.09
1255,4.82,83.21,1014.1
1256,4.82,83.21,1014.11
1257,4.83,83.22,1014.16
1258,4.82,83.22,1014.17
1259,4.82,83.22,1014.12
1260,4.82,83.22,1014.1
1261,4.82,83.22,1014.13
1262,4.81,83.22,1014.11
1263,4.82,83.22,1014.14
1264,4.82,83.22,1014.19
1265,4.81,83.23,1014.17
1266,4.82,83.23,1014.11
1267,4.81,83.23,1014.11
1268,4.81,83.23,1014.14
1269,4.81,83.24,1014.16
1270,4.82,83.23,1014.15
1271,4.82,83.24,1014.13
1272,4.81,83.24,1014.19
1273,4.82,83.24,1014.12
1274,4.81,83.24,1014.15
1275,4.81,83.24,1014.18
1276,4.82,83.24,1014.17
1277,4.81,83.24,1014.16
1278,4.81,83.25,1014.16
1279,4.81,83.25,1014.2
1280,4.82,83.25,1014.22
1281,4.81,83.25,1014.19
1282,4.81,83.25,1014.23
1283,4.82,83.26,1014.25
1284,4.82,83.26,1014.29
1285,4.81,83.27,1014.27
1286,4.82,83.27,1014.22
1287,4.81,83.26,1014.25
1288,4.81,83.29,1014.3
1289,4.81,83.29,1014.27
1290,4.81,83.29,1014.25
1291,4.82,83.29,1014.29
1292,4.81,83.29,1014.29
1293,4.81,83.29,1014.33
1294,4.81,83.29,1014.29
1295,4.81,83.31,1014.31
1296,4.81,83.3,1014.29
1297,4.82,83.31,1014.32
1298,4.82,83.31,1014.31
1299,4.81,83.32,1014.32
1300,4.81,83.32,1014.36
1301,4.81,83.32,1014.37
1302,4.81,83.33,1014.35
1303,4.81,83.32,1014.33
1304,4.81,83.32,1014.35
1305,4.81,83.32,1014.33
1306,4.82,83.33,1014.31
1307,4.81,83.32,1014.32
1308,4.81,83.33,1014.35
1309,4.81,83.33,1014.35
1310,4.81,83.34,1014.4
1311,4.81,83.34,1014.4
1312,4.81,83.35,1014.36
1313,4.81,83.34,1014.32
1314,4.82,83.35,1014.33
1315,4.81,83.34,1014.32
1316,4.81,83.34,1014.3
1317,4.81,83.34,1014.27
1318,4.81,83.34,1014.24
1319,4.81,83.34,1014.28
1320,4.81,83.34,1014.3
1321,4.81,83.35,1014.33
1322,4.81,83.35,1014.35
1323,4.81,83.35,1014.29
1324,4.81,83.36,1014.32
1325,4.81,83.35,1014.29
1326,4.82,83.36,1014.29
1327,4.8,83.35,1014.3
1328,4.81,83.35,1014.26
1329,4.81,83.36,1014.29
1330,4.81,83.37,1014.29
1331,4.81,83.37,1014.31
1332,4.81,83.37,1014.3
1333,4.81,83.34,1014.31
1334,4.8,83.36,1014.24
1335,4.8,83.37,1014.27
1336,4.81,83.37,1014.26
1337,4.81,83.38,1014.27
1338,4.8,83.38,1014.27
1339,4.8,83.38,1014.24
1340,4.81,83.38,1014.28
1341,4.81,83.38,1014.3
1342,4.81,83.38,1014.27
1343,4.8,83.38,1014.27
1344,4.81,83.4,1014.3
1345,4.81,83.39,1014.3
1346,4.81,83.39,1014.3
1347,4.81,83.39,1014.33
1348,4.8,83.39,1014.34
1349,4.8,83.39,1014.32
1350,4.81,83.39,1014.29
1351,4.81,83.39,1014.34
1352,4.81,83.4,1014.3
1353,4.81,83.39,1014.31
1354,4.81,83.41,1014.3
1355,4.8,83.4,1014.35
1356,4.81,83.41,1014.39
1357,4.81,83.41,1014.35
1358,4.81,83.4,1014.33
1359,4.8,83.4,1014.32
1360,4.8,83.4,1014.33
1361,4.8,83.4,1014.35
1362,4.8,83.4,1014.35
1363,4.8,83.42,1014.35
1364,4.79,83.42,1014.34
1365,4.79,83.42,1014.38
1366,4.8,83.42,1014.4
1367,4.8,83.42,1014.4
1368,4.8,83.42,1014.39
1369,4.8,83.42,1014.42
1370,4.79,83.42,1014.4
1371,4.79,83.42,1014.4
1372,4.79,83.42,1014.42
1373,4.79,83.43,1014.43
1374,4.8,83.42,1014.46
1375,4.8,83.42,1014.46
1376,4.79,83.42,1014.5
1377,4.8,83.44,1014.47
1378,4.81,83.44,1014.47
1379,4.8,83.44,1014.46
1380,4.79,83.43,1014.45
1381,4.8,83.44,1014.46
1382,4.79,83.44,1014.46
1383,4.79,83.44,1014.48
1384,4.79,83.44,1014.49
1385,4.79,83.44,1014.47
1386,4.79,83.44,1014.53
1387,4.79,83.44,1014.48
1388,4.79,83.44,1014.42
1389,4.8,83.45,1014.48
1390,4.79,83.45,1014.47
1391,4.8,83.45,1014.52
1392,4.79,83.45,1014.51
1393,4.79,83.45,1014.56
1394,4.79,83.45,1014.57
1395,4.79,83.46,1014.55
1396,4.79,83.45,1014.55
1397,4.79,83.46,1014.51
1398,4.78,83.45,1014.47
1399,4.79,83.46,1014.5
1400,4.79,83.46,1014.56
1401,4.78,83.46,1014.54
1402,4.79,83.46,1014.59
1403,4.79,83.47,1014.62
1404,4.79,83.46,1014.56
1405,4.78,83.47,1014.55
1406,4.79,83.47,1014.56
1407,4.78,83.47,1014.59
1408,4.78,83.47,1014.65
1409,4.78,83.47,1014.63
1410,4.78,83.47,1014.62
1411,4.78,83.47,1014.61
1412,4.78,83.48,1014.58
1413,4.79,83.49,1014.62
1414,4.78,83.48,1014.64
1415,4.78,83.49,1014.62
1416,4.78,83.48,1014.66
1417,4.78,83.49,1014.65
1418,4.78,83.49,1014.67
1419,4.78,83.49,1014.68
1420,4.78,83.49,1014.63
1421,4.78,83.49,1014.67
1422,4.78,83.49,1014.65
1423,4.78,83.49,1014.64
1424,4.78,83.49,1014.69
1425,4.77,83.49,1014.6
1426,4.78,83.5,1014.67
1427,4.78,83.5,1014.68
1428,4.78,83.5,1014.67
1429,4.78,83.5,1014.64
1430,4.78,83.5,1014.64
1431,4.78,83.5,1014.64
1432,4.78,83.51,1014.64
1433,4.78,83.5,1014.66
1434,4.78,83.51,1014.63
1435,4.78,83.51,1014.63
1436,4.78,83.51,1014.64
1437,4.78,83.51,1014.63
1438,4.78,83.51,1014.65
1439,4.78,83.52,1014.61
1440,4.78,83.52,1014.59
1441,4.78,83.51,1014.64
1442,4.77,83.52,1014.64
1443,4.77,83.52,1014.64
1444,4.77,83.52,1014.59
1445,4.78,83.52,1014.63
1446,4.78,83.52,1014.65
1447,4.78,83.53,1014.64
1448,4.77,83.53,1014.65
1449,4.78,83.53,1014.63
1450,4.77,83.53,1014.66
1451,4.78,83.53,1014.71
1452,4.77,83.53,1014.67
1453,4.78,83.53,1014.67
1454,4.78,83.54,1014.66
1455,4.77,83.54,1014.66
1456,4.78,83.54,1014.68
1457,4.78,83.54,1014.67
1458,4.78,83.54,1014.66
1459,4.77,83.54,1014.63
1460,4.77,83.54,1014.66
1461,4.77,83.55,1014.63
1462,4.77,83.55,1014.64
1463,4.77,83.55,1014.64
1464,4.77,83.55,1014.67
1465,4.77,83.55,1014.66
1466,4.77,83.56,1014.64
1467,4.77,83.56,1014.65
1468,4.77,83.56,1014.68
1469,4.77,83.56,1014.68
1470,4.77,83.56,1014.64
1471,4.77,83.56,1014.59
1472,4.77,83.57,1014.6
1473,4.77,83.57,1014.59
1474,4.77,83.56,1014.61
1475,4.77,83.57,1014.61
1476,4.77,83.58,1014.66
1477,4.77,83.57,1014.61
1478,4.77,83.58,1014.54
1479,4.77,83.58,1014.57
1480,4.76,83.58,1014.55
1481,4.76,83.58,1014.52
1482,4.77,83.58,1014.59
1483,4.76,83.58,1014.62
1484,4.76,83.59,1014.62
1485,4.76,83.59,1014.6
1486,4.76,83.59,1014.58
1487,4.77,83.59,1014.64
1488,4.77,83.59,1014.63
1489,4.76,83.6,1014.62
1490,4.76,83.6,1014.62
1491,4.77,83.61,1014.63
1492,4.76,83.61,1014.65
1493,4.76,83.61,1014.67
1494,4.76,83.61,1014.65
1495,4.77,83.61,1014.68
1496,4.77,83.62,1014.66
1497,4.76,83.64,1014.66
1498,4.75,83.65,1014.69
1499,4.76,83.66,1014.69
1500,4.76,83.67,1014.67
1501,4.76,83.68,1014.73
1502,4.76,83.68,1014.75
1503,4.76,83.68,1014.76
1504,4.76,83.68,1014.78
1505,4.76,83.68,1014.72
1506,4.76,83.68,1014.73
1507,4.76,83.7,1014.72
1508,4.76,83.7,1014.75
1509,4.76,83.7,1014.76
1510,4.76,83.7,1014.75
1511,4.76,83.7,1014.75
1512,4.76,83.7,1014.77
1513,4.76,83.71,1014.81
1514,4.77,83.71,1014.81
1515,4.76,83.71,1014.81
1516,4.76,83.71,1014.8
1517,4.76,83.71,1014.79
1518,4.76,83.71,1014.84
1519,4.77,83.71,1014.84
1520,4.76,83.72,1014.79
1521,4.76,83.72,1014.8
1522,4.76,83.72,1014.79
1523,4.76,83.72,1014.79
1524,4.76,83.72,1014.78
1525,4.76,83.72,1014.82
1526,4.76,83.72,1014.83
1527,4.76,83.73,1014.81
1528,4.76,83.73,1014.76
1529,4.75,83.72,1014.79
1530,4.76,83.73,1014.81
1531,4.76,83.73,1014.8
1532,4.76,83.73,1014.82
1533,4.75,83.72,1014.79
1534,4.76,83.73,1014.8
1535,4.75,83.72,1014.81
1536,4.76,83.74,1014.82
1537,4.75,83.73,1014.83
1538,4.75,83.72,1014.82
1539,4.75,83.73,1014.83
1540,4.75,83.73,1014.85
1541,4.76,83.74,1014.88
1542,4.75,83.73,1014.85
1543,4.75,83.75,1014.82
1544,4.75,83.75,1014.82
1545,4.75,83.75,1014.9
1546,4.74,83.74,1014.87
1547,4.75,83.75,1014.88
1548,4.75,83.75,1014.84
1549,4.75,83.77,1014.88
1550,4.75,83.75,1014.85
1551,4.75,83.75,1014.85
1552,4.75,83.74,1014.83
1553,4.75,83.75,1014.84
1554,4.75,83.75,1014.86
1555,4.75,83.75,1014.84
1556,4.75,83.75,1014.83
1557,4.75,83.75,1014.83
1558,4.75,83.75,1014.82
1559,4.75,83.75,1014.86
1560,4.75,83.75,1014.84
1561,4.75,83.75,1014.87
1562,4.75,83.75,1014.8
1563,4.75,83.77,1014.85
1564,4.75,83.77,1014.9
1565,4.75,83.77,1014.89
1566,4.75,83.76,1014.84
1567,4.75,83.77,1014.85
1568,4.74,83.76,1014.87
1569,4.75,83.76,1014.87
1570,4.74,83.77,1014.91
1571,4.75,83.78,1014.9
1572,4.74,83.77,1014.91
1573,4.75,83.77,1014.94
1574,4.74,83.77,1014.89
1575,4.74,83.77,1014.91
1576,4.75,83.78,1014.89
1577,4.75,83.77,1014.89
1578,4.74,83.78,1014.89
1579,4.74,83.78,1014.95
1580,4.74,83.78,1014.9
1581,4.75,83.79,1014.99
1582,4.75,83.79,1014.97
1583,4.75,83.78,1014.94
1584,4.74,83.78,1014.94
1585,4.75,83.78,1014.91
1586,4.74,83.78,1014.9
1587,4.74,83.79,1014.93
1588,4.74,83.78,1014.94
1589,4.75,83.79,1014.99
1590,4.73,83.79,1014.96
1591,4.74,83.79,1014.98
1592,4.74,83.79,1014.96
1593,4.74,83.79,1014.98
1594,4.74,83.79,1014.95
1595,4.74,83.79,1014.96
1596,4.74,83.79,1014.95
1597,4.74,83.79,1014.95
1598,4.74,83.79,1014.97
1599,4.73,83.8,1014.95
1600,4.73,83.8,1014.93
1601,4.74,83.8,1014.95
1602,4.74,83.8,1015.01
1603,4.74,83.8,1014.97
1604,4.73,83.8,1014.99
1605,4.73,83.8,1015
1606,4.73,83.8,1014.97
1607,4.74,83.81,1015.01
1608,4.74,83.81,1014.98
1609,4.73,83.81,1014.99
1610,4.74,83.81,1015.03
1611,4.74,83.81,1015.02
1612,4.73,83.81,1015.01
1613,4.73,83.81,1015.01
1614,4.74,83.81,1015.01
1615,4.73,83.83,1014.99
1616,4.74,83.83,1015.01
1617,4.73,83.82,1014.99
1618,4.73,83.82,1014.99
1619,4.73,83.83,1014.96
1620,4.74,83.83,1014.96
1621,4.73,83.83,1014.96
1622,4.74,83.84,1015.02
1623,4.73,83.84,1014.93
1624,4.73,83.83,1014.98
1625,4.73,83.83,1014.98
1626,4.73,83.84,1015
1627,4.74,83.85,1015
1628,4.74,83.85,1015.02
1629,4.73,83.84,1014.98
1630,4.73,83.84,1014.99
1631,4.73,83.85,1014.94
1632,4.73,83.84,1014.98
1633,4.73,83.84,1014.97
1634,4.74,83.86,1015
1635,4.74,83.86,1015.01
1636,4.73,83.85,1015.06
1637,4.73,83.85,1015.07
1638,4.73,83.85,1015.02
1639,4.73,83.86,1015.03
1640,4.73,83.86,1015
1641,4.73,83.85,1014.96
1642,4.73,83.85,1014.94
1643,4.73,83.86,1014.99
1644,4.73,83.86,1014.99
1645,4.73,83.86,1014.99
1646,4.73,83.86,1014.99
1647,4.73,83.86,1015.01
1648,4.73,83.87,1015.03
1649,4.73,83.86,1015.04
1650,4.73,83.87,1015.07
1651,4.73,83.87,1015.04
1652,4.72,83.88,1015.01
1653,4.73,83.87,1015
1654,4.73,83.87,1015
1655,4.72,83.88,1014.98
1656,4.73,83.88,1014.99
1657,4.73,83.88,1014.96
1658,4.73,83.88,1014.96
1659,4.73,83.87,1014.99
1660,4.73,83.88,1015.04
1661,4.72,83.88,1015.01
1662,4.72,83.89,1015
1663,4.72,83.89,1015.03
1664,4.72,83.89,1014.98
1665,4.73,83.9,1015.02
1666,4.73,83.9,1015
1667,4.73,83.9,1015.01
1668,4.73,83.88,1015
1669,4.72,83.9,1015.01
1670,4.73,83.9,1014.98
1671,4.73,83.9,1015.01
1672,4.73,83.91,1015.03
1673,4.72,83.9,1015.06
1674,4.73,83.91,1015.09
1675,4.72,83.9,1015.05
1676,4.72,83.9,1015.05
1677,4.72,83.9,1015.07
1678,4.72,83.9,1015.06
1679,4.72,83.9,1015.01
1680,4.72,83.91,1015.05
1681,4.72,83.91,1015.06
1682,4.72,83.9,1015.06
1683,4.72,83.91,1015.03
1684,4.73,83.91,1015.01
1685,4.72,83.91,1014.99
1686,4.72,83.91,1015.03
1687,4.72,83.91,1015.05
1688,4.72,83.91,1014.97
1689,4.72,83.92,1015.02
1690,4.72,83.93,1015.05
1691,4.72,83.92,1015.08
1692,4.72,83.92,1015.05
1693,4.73,83.93,1015.04
1694,4.73,83.92,1015.1
1695,4.73,83.92,1015.09
1696,4.72,83.92,1015.06
1697,4.72,83.92,1015.06
1698,4.73,83.93,1015.1
1699,4.73,83.94,1015.1
1700,4.72,83.93,1015.07
1701,4.72,83.93,1015.08
1702,4.72,83.93,1015.07
1703,4.73,83.94,1015.08
1704,4.72,83.93,1015.07
1705,4.72,83.93,1015.05
1706,4.73,83.94,1015.1
1707,4.72,83.93,1015.04
1708,4.72,83.93,1015.05
1709,4.72,83.93,1015.12
1710,4.72,83.95,1015.15
1711,4.72,83.95,1015.07
1712,4.72,83.93,1015.09
1713,4.72,83.95,1015.08
1714,4.71,83.94,1015.06
1715,4.72,83.95,1015.09
1716,4.72,83.95,1015.02
1717,4.72,83.95,1014.99
1718,4.72,83.95,1014.98
1719,4.72,83.95,1014.98
1720,4.72,83.95,1015.02
1721,4.72,83.96,1015.02
1722,4.72,83.95,1015
1723,4.72,83.96,1015.07
1724,4.72,83.96,1015.03
1725,4.72,83.96,1015.03
1726,4.71,83.96,1015.05
1727,4.71,83.96,1015.1
1728,4.72,83.96,1015.11
1729,4.72,83.97,1015.11
1730,4.71,83.97,1015.08
1731,4.72,83.97,1015.08
1732,4.71,83.96,1015.11
1733,4.72,83.97,1015.13
1734,4.72,83.97,1015.11
1735,4.72,83.98,1015.13
1736,4.72,83.97,1015.1
1737,4.72,83.98,1015.09
1738,4.72,83.97,1015.08
1739,4.72,83.98,1015.18
1740,4.72,83.98,1015.16
1741,4.72,83.98,1015.16
1742,4.72,83.98,1015.17
1743,4.72,83.98,1015.19
1744,4.71,83.98,1015.17
1745,4.71,83.98,1015.15
1746,4.71,83.98,1015.15
1747,4.72,83.99,1015.19
1748,4.72,83.98,1015.19
1749,4.72,83.99,1015.21
1750,4.72,83.99,1015.23
1751,4.72,83.99,1015.18
1752,4.71,83.98,1015.19
1753,4.72,83.99,1015.23
1754,4.72,83.99,1015.26
1755,4.72,83.99,1015.22
1756,4.72,84,1015.22
1757,4.72,83.99,1015.2
1758,4.72,84,1015.22
1759,4.71,83.98,1015.19
1760,4.72,84,1015.21
1761,4.73,84,1015.36
1762,4.72,84,1015.32
1763,4.72,84,1015.32
1764,4.72,84.01,1015.32
1765,4.72,84,1015.32
1766,4.72,84.01,1015.33
1767,4.71,83.99,1015.37
1768,4.71,83.99,1015.29
1769,4.71,83.99,1015.29
1770,4.71,84.01,1015.33
1771,4.71,84.01,1015.37
1772,4.72,84.01,1015.38
1773,4.71,84,1015.33
1774,4.72,84.01,1015.37
1775,4.71,84.01,1015.35
1776,4.71,84.02,1015.36
1777,4.71,84,1015.33
1778,4.72,84.01,1015.37
1779,4.72,84.02,1015.39
1780,4.72,84.02,1015.37
1781,4.72,84.02,1015.37
1782,4.71,84.02,1015.38
1783,4.72,84.02,1015.39
1784,4.72,84.01,1015.39
1785,4.72,84.02,1015.35
1786,4.72,84.02,1015.38
1787,4.71,84.02,1015.38
1788,4.71,84.02,1015.4
1789,4.71,84.02,1015.34
1790,4.71,84.03,1015.37
1791,4.72,84.03,1015.41
1792,4.71,84.03,1015.42
1793,4.71,84.03,1015.42
1794,4.72,84.03,1015.4
1795,4.72,84.03,1015.41
1796,4.71,84.03,1015.42
1797,4.72,84.03,1015.35
1798,4.71,84.03,1015.4
1799,4.71,84.03,1015.38
1800,4.71,84.03,1015.36
1801,4.71,84.03,1015.35
1802,4.71,84.04,1015.32
1803,4.71,84.04,1015.31
1804,4.71,84.04,1015.37
1805,4.71,84.04,1015.32
1806,4.7,84.03,1015.36
1807,4.71,84.04,1015.37
1808,4.7,84.03,1015.36
1809,4.71,84.04,1015.42
1810,4.7,84.03,1015.36
1811,4.71,84.05,1015.37
1812,4.71,84.04,1015.39
1813,4.71,84.05,1015.38
1814,4.71,84.05,1015.38
1815,4.7,84.04,1015.36
1816,4.71,84.05,1015.41
1817,4.71,84.05,1015.43
1818,4.7,84.04,1015.38
1819,4.72,84.05,1015.38
1820,4.71,84.05,1015.37
1821,4.7,84.04,1015.33
1822,4.7,84.05,1015.32
1823,4.7,84.05,1015.33
1824,4.71,84.06,1015.31
1825,4.71,84.09,1015.29
1826,4.7,84.05,1015.3
1827,4.71,84.06,1015.33
1828,4.71,84.06,1015.34
1829,4.7,84.05,1015.31
1830,4.71,84.06,1015.35
1831,4.7,84.05,1015.35
1832,4.71,84.07,1015.35
1833,4.71,84.07,1015.38
1834,4.7,84.06,1015.35
1835,4.71,84.07,1015.35
1836,4.71,84.07,1015.35
1837,4.71,84.07,1015.38
1838,4.71,84.07,1015.36
1839,4.7,84.06,1015.34
1840,4.71,84.07,1015.39
1841,4.7,84.08,1015.33
1842,4.7,84.08,1015.35
1843,4.7,84.08,1015.37
1844,4.69,84.08,1015.36
1845,4.7,84.08,1015.34
1846,4.7,84.08,1015.31
1847,4.7,84.08,1015.35
1848,4.7,84.08,1015.36
1849,4.7,84.08,1015.35
1850,4.7,84.08,1015.35
1851,4.7,84.08,1015.38
1852,4.7,84.08,1015.38
1853,4.7,84.08,1015.37
1854,4.71,84.09,1015.37
1855,4.7,84.08,1015.4
1856,4.7,84.08,1015.33
1857,4.71,84.09,1015.34
1858,4.71,84.09,1015.31
1859,4.71,84.09,1015.33
1860,4.71,84.09,1015.33
1861,4.7,84.08,1015.35
1862,4.71,84.09,1015.36
1863,4.7,84.1,1015.36
1864,4.7,84.08,1015.36
1865,4.7,84.1,1015.36
1866,4.71,84.1,1015.35
1867,4.7,84.1,1015.36
1868,4.7,84.1,1015.35
1869,4.7,84.1,1015.36
1870,4.7,84.1,1015.35
1871,4.7,84.1,1015.33
1872,4.7,84.1,1015.36
1873,4.7,84.1,1015.34
1874,4.7,84.11,1015.32
1875,4.7,84.11,1015.35
1876,4.7,84.1,1015.38
1877,4.7,84.11,1015.37
1878,4.7,84.11,1015.4
1879,4.71,84.11,1015.41
1880,4.7,84.11,1015.41
1881,4.7,84.12,1015.44
1882,4.7,84.12,1015.42
1883,4.7,84.12,1015.42
1884,4.7,84.11,1015.44
1885,4.7,84.12,1015.47
1886,4.7,84.11,1015.41
1887,4.7,84.12,1015.43
1888,4.7,84.12,1015.42
1889,4.7,84.12,1015.48
1890,4.7,84.12,1015.47
1891,4.7,84.12,1015.48
1892,4.7,84.12,1015.47
1893,4.7,84.12,1015.52
1894,4.7,84.12,1015.51
1895,4.7,84.13,1015.49
1896,4.7,84.13,1015.49
1897,4.69,84.13,1015.5
1898,4.7,84.13,1015.5
1899,4.7,84.13,1015.5
1900,4.7,84.13,1015.53
1901,4.7,84.13,1015.54
1902,4.71,84.13,1015.56
1903,4.7,84.13,1015.52
1904,4.69,84.13,1015.51
1905,4.7,84.13,1015.49
1906,4.7,84.14,1015.48
1907,4.71,84.13,1015.47
1908,4.7,84.14,1015.53
1909,4.7,84.14,1015.58
1910,4.7,84.14,1015.51
1911,4.7,84.14,1015.54
1912,4.7,84.14,1015.53
1913,4.7,84.14,1015.56
1914,4.71,84.14,1015.58
1915,4.7,84.15,1015.6
1916,4.7,84.14,1015.61
1917,4.7,84.14,1015.59
1918,4.7,84.15,1015.59
1919,4.7,84.15,1015.58
1920,4.7,84.15,1015.62
1921,4.7,84.15,1015.61
1922,4.7,84.15,1015.62
1923,4.7,84.15,1015.6
1924,4.7,84.15,1015.59
1925,4.69,84.15,1015.59
1926,4.7,84.16,1015.63
1927,4.7,84.15,1015.66
1928,4.7,84.16,1015.62
1929,4.7,84.15,1015.61
1930,4.7,84.15,1015.65
1931,4.7,84.17,1015.64
1932,4.69,84.16,1015.63
1933,4.7,84.16,1015.62
1934,4.7,84.16,1015.54
1935,4.7,84.16,1015.63
1936,4.7,84.16,1015.65
1937,4.7,84.16,1015.64
1938,4.7,84.17,1015.72
1939,4.69,84.17,1015.61
1940,4.7,84.17,1015.56
1941,4.69,84.17,1015.57
1942,4.7,84.17,1015.57
1943,4.69,84.17,1015.54
1944,4.69,84.16,1015.57
1945,4.69,84.17,1015.6
1946,4.69,84.17,1015.57
1947,4.69,84.17,1015.56
1948,4.69,84.17,1015.55
1949,4.69,84.18,1015.56
1950,4.69,84.17,1015.57
1951,4.69,84.17,1015.6
1952,4.69,84.18,1015.56
1953,4.69,84.18,1015.57
1954,4.68,84.17,1015.52
1955,4.69,84.18,1015.49
1956,4.69,84.18,1015.51
1957,4.69,84.18,1015.54
1958,4.69,84.19,1015.53
1959,4.69,84.18,1015.51
1960,4.7,84.18,1015.55
1961,4.68,84.17,1015.48
1962,4.69,84.18,1015.51
1963,4.69,84.19,1015.48
1964,4.69,84.17,1015.43
1965,4.69,84.18,1015.47
1966,4.68,84.18,1015.45
1967,4.69,84.18,1015.46
1968,4.69,84.17,1015.45
1969,4.69,84.19,1015.46
1970,4.69,84.18,1015.45
1971,4.69,84.18,1015.44
1972,4.69,84.18,1015.46
1973,4.69,84.19,1015.45
1974,4.69,84.18,1015.45
1975,4.69,84.2,1015.42
1976,4.68,84.19,1015.44
1977,4.69,84.19,1015.44
1978,4.69,84.2,1015.46
1979,4.68,84.19,1015.41
1980,4.68,84.21,1015.44
1981,4.69,84.21,1015.49
1982,4.69,84.21,1015.46
1983,4.69,84.21,1015.43
1984,4.68,84.21,1015.45
1985,4.69,84.21,1015.51
1986,4.68,84.23,1015.48
1987,4.68,84.23,1015.46
1988,4.68,84.23,1015.49
1989,4.69,84.23,1015.49
1990,4.68,84.23,1015.5
1991,4.69,84.23,1015.52
1992,4.69,84.23,1015.47
1993,4.68,84.23,1015.45
1994,4.68,84.23,1015.47
1995,4.68,84.24,1015.49
1996,4.69,84.24,1015.51
1997,4.68,84.24,1015.46
1998,4.68,84.24,1015.46
1999,4.69,84.25,1015.51
2000,4.69,84.24,1015.55
2001,4.68,84.25,1015.54
2002,4.69,84.25,1015.53
2003,4.68,84.25,1015.52
2004,4.68,84.25,1015.56
2005,4.68,84.25,1015.48
2006,4.68,84.25,1015.55
2007,4.68,84.25,1015.58
2008,4.68,84.26,1015.57
2009,4.68,84.26,1015.56
2010,4.68,84.25,1015.56
2011,4.68,84.25,1015.57
2012,4.68,84.26,1015.55
2013,4.68,84.26,1015.55
2014,4.68,84.26,1015.59
2015,4.68,84.26,1015.6
2016,4.68,84.26,1015.55
2017,4.67,84.26,1015.59
2018,4.68,84.26,1015.56
2019,4.68,84.26,1015.52
2020,4.68,84.26,1015.59
2021,4.68,84.27,1015.55
2022,4.68,84.24,1015.54
2023,4.68,84.27,1015.59
2024,4.68,84.27,1015.56
2025,4.68,84.27,1015.58
2026,4.68,84.27,1015.61
2027,4.69,84.27,1015.6
2028,4.68,84.27,1015.58
2029,4.69,84.27,1015.58
2030,4.68,84.27,1015.63
2031,4.68,84.27,1015.61
2032,4.68,84.27,1015.61
2033,4.68,84.27,1015.61
2034,4.68,84.28,1015.61
2035,4.68,84.27,1015.62
2036,4.67,84.27,1015.58
2037,4.67,84.28,1015.59
2038,4.67,84.28,1015.57
2039,4.67,84.28,1015.59
2040,4.68,84.28,1015.62
2041,4.67,84.27,1015.55
2042,4.67,84.28,1015.55
2043,4.68,84.28,1015.58
2044,4.67,84.27,1015.57
2045,4.68,84.28,1015.54
2046,4.67,84.28,1015.5
2047,4.68,84.28,1015.54
2048,4.67,84.29,1015.53
2049,4.68,84.29,1015.54
2050,4.67,84.29,1015.5
2051,4.68,84.29,1015.49
2052,4.68,84.29,1015.43
2053,4.67,84.29,1015.46
2054,4.67,84.29,1015.43
2055,4.67,84.29,1015.46
2056,4.68,84.29,1015.43
2057,4.67,84.29,1015.42
2058,4.68,84.29,1015.37
2059,4.67,84.29,1015.37
2060,4.68,84.29,1015.42
2061,4.68,84.29,1015.42
2062,4.68,84.29,1015.44
2063,4.67,84.29,1015.46
2064,4.67,84.3,1015.49
2065,4.68,84.3,1015.48
2066,4.67,84.29,1015.45
2067,4.68,84.3,1015.47
